InvoiceID,CustomerID,InvoiceDate,PurchaseAmount
INV_744167,CUST_0103,2025-12-15,16.62
INV_621430,CUST_0701,2025-01-21,15.13
INV_291335,CUST_0331,2025-03-29,25.77
INV_887201,CUST_0664,2025-05-11,8.44
INV_203355,CUST_0344,2025-10-21,7.54
INV_521909,CUST_0277,2025-06-10,23.82
INV_600186,CUST_0253,2025-08-24,8.55
INV_627035,CUST_0059,2025-06-19,9.65
INV_184654,CUST_0976,2025-09-28,34.9
INV_428947,CUST_0958,2025-02-20,29.19
INV_665894,CUST_0832,2025-05-11,95.96
INV_765987,CUST_0021,2025-11-25,10.53
INV_798361,CUST_0601,2025-11-12,44.78
INV_748531,CUST_0777,2025-12-12,12.12
INV_704365,CUST_0092,2025-09-21,9.07
INV_905889,CUST_0081,2025-02-19,56.38
INV_271829,CUST_0390,2025-02-23,43.11
INV_302283,CUST_0477,2025-07-10,90.61
INV_635822,CUST_0162,2025-07-21,108.85
INV_679879,CUST_0456,2025-08-03,40.61
INV_707086,CUST_0725,2025-07-27,69.4
INV_842139,CUST_0053,2025-10-07,27.36
INV_476896,CUST_0188,2025-02-10,23.31
INV_555808,CUST_0857,2025-11-23,32.28
INV_401648,CUST_0648,2025-03-04,83.55
INV_112666,CUST_0392,2025-06-12,77.77
INV_807611,CUST_0773,2025-08-19,54.88
INV_475713,CUST_0135,2025-07-20,51.43
INV_701661,CUST_0033,2025-02-17,28.35
INV_556551,CUST_0728,2025-10-20,66.35
INV_999684,CUST_0726,2025-02-04,36.26
INV_723094,CUST_0943,2025-05-11,71.87
INV_318126,CUST_0767,2025-12-25,9.36
INV_353618,CUST_0858,2025-02-11,33.54
INV_731347,CUST_0575,2025-12-18,53.03
INV_827270,CUST_0096,2025-08-10,14.25
INV_264899,CUST_0749,2025-05-23,70.89
INV_979858,CUST_0525,2025-06-09,48.61
INV_164044,CUST_0086,2025-10-11,126.97
INV_867595,CUST_0574,2025-05-14,34.94
INV_252906,CUST_0556,2025-12-06,107.89
INV_487261,CUST_0640,2025-12-14,27.32
INV_717075,CUST_0225,2025-10-10,32.57
INV_551269,CUST_0973,2025-08-21,23.86
INV_328576,CUST_0456,2025-05-17,37.35
INV_265838,CUST_0819,2025-08-22,26.04
INV_693128,CUST_0827,2025-06-09,40.42
INV_139353,CUST_0692,2025-04-23,10.52
INV_865313,CUST_0564,2025-09-25,20.55
INV_881239,CUST_0387,2025-04-23,14.71
INV_737147,CUST_0081,2025-07-06,49.82
INV_369536,CUST_0566,2025-12-09,22.2
INV_937291,CUST_0385,2025-05-06,14.54
INV_819094,CUST_0730,2025-06-09,43.72
INV_911774,CUST_0836,2025-07-22,28.27
INV_206081,CUST_0294,2025-10-07,36.1
INV_455528,CUST_0198,2025-08-28,79.55
INV_115708,CUST_0124,2025-07-06,16.79
INV_212547,CUST_0771,2025-05-28,25.25
INV_862002,CUST_0403,2025-12-12,39.79
INV_501896,CUST_0148,2025-12-18,12.05
INV_373255,CUST_0929,2025-05-08,40.32
INV_925816,CUST_0641,2025-09-24,26.27
INV_654594,CUST_0946,2025-05-31,42.59
INV_207512,,2025-09-09,16.15
INV_475037,CUST_0572,2025-01-02,258.91
INV_798376,,2025-02-06,103.91
INV_690978,CUST_0233,2025-04-09,61.73
INV_421184,CUST_0404,2025-06-01,30.83
INV_132711,CUST_0920,2025-04-26,11.46
INV_803714,CUST_0420,2025-04-14,49.46
INV_802335,CUST_0112,2025-04-09,171.16
INV_881474,CUST_0878,2025-12-04,37.42
INV_138467,CUST_0720,2025-06-18,16.21
INV_158871,CUST_0801,2025-10-04,16.37
INV_956703,CUST_0896,2025-05-15,64.93
INV_271890,CUST_0033,2025-06-25,11.93
INV_573125,CUST_0470,2025-01-22,20.09
INV_499111,CUST_0230,2025-12-31,37.51
INV_940477,CUST_0283,2025-01-27,78.77
INV_760960,CUST_0609,2025-10-11,57.24
INV_727234,CUST_0453,2025-11-13,38.62
INV_811851,CUST_0192,2025-02-18,9.51
INV_398356,CUST_0220,2025-06-07,145.99
INV_920260,CUST_0518,2025-04-09,69.47
INV_538452,CUST_0280,2025-12-15,32.65
INV_748307,CUST_0607,2025-04-09,184.29
INV_368246,CUST_0191,2025-09-10,29.38
INV_650929,CUST_0161,2025-09-13,37.39
INV_465890,CUST_0793,2025-08-11,91.17
INV_172991,CUST_0872,2025-06-23,12.1
INV_156958,CUST_0943,2025-12-08,27.49
INV_730152,CUST_0155,2025-09-30,92.47
INV_679036,CUST_0811,2025-09-03,27.55
INV_544209,CUST_0682,2025-09-04,32.0
INV_348710,CUST_0921,2025-01-13,11.33
INV_364512,CUST_0825,2025-02-05,79.54
INV_548982,CUST_0776,2025-05-22,106.83
INV_766326,CUST_0143,2025-04-02,46.42
INV_152921,CUST_0959,2025-12-08,25.4
INV_155609,CUST_0575,2025-07-09,22.69
INV_170313,CUST_0570,2025-12-08,20.46
INV_561243,CUST_0838,2025-09-28,27.6
INV_103051,CUST_0613,2025-09-21,73.63
INV_821772,,2025-01-05,35.0
INV_827975,CUST_0992,2025-12-16,42.51
INV_903451,CUST_0820,2025-05-24,175.06
INV_698135,CUST_0106,2025-06-07,9.39
INV_474710,CUST_0831,2025-10-02,33.51
INV_368093,CUST_0346,2025-08-17,16.67
INV_174740,CUST_0791,2025-05-07,61.08
INV_277247,CUST_0641,2025-02-27,118.54
INV_276615,CUST_0638,2025-04-28,63.92
INV_653663,CUST_0237,2025-09-29,40.22
INV_814998,CUST_0447,2025-03-10,50.07
INV_955474,CUST_0963,2025-03-17,45.07
INV_554605,CUST_0997,2025-03-27,8.15
INV_675581,CUST_0220,2025-03-10,11.95
INV_876665,CUST_0750,2025-07-23,8.28
INV_555968,CUST_0432,2025-12-07,36.37
INV_990617,,2025-08-10,54.71
INV_692673,CUST_0522,2025-09-03,52.87
INV_472370,CUST_0180,2025-08-11,8.19
INV_109540,CUST_0442,2025-04-06,94.86
INV_466326,CUST_0516,2025-01-16,10.79
INV_249143,CUST_0258,2025-06-09,134.28
INV_453824,CUST_0908,2025-06-27,45.83
INV_990123,CUST_0929,2025-06-28,84.83
INV_431593,CUST_0835,2025-03-06,153.71
INV_924926,CUST_0043,2025-02-13,21.91
INV_724674,CUST_0302,2025-09-10,11.96
INV_712956,CUST_0727,2025-12-03,55.48
INV_943890,CUST_0922,2025-03-31,26.24
INV_924945,CUST_0617,2025-07-15,60.62
INV_992323,CUST_0493,2025-03-16,101.97
INV_616771,CUST_0729,2025-10-04,161.8
INV_933727,CUST_0394,2025-12-23,69.99
INV_117955,CUST_0739,2025-06-26,66.7
INV_500573,CUST_0978,2025-04-06,26.25
INV_775510,CUST_0736,2025-02-06,19.77
INV_514568,CUST_0525,2025-10-06,70.71
INV_278031,CUST_0798,2025-09-30,41.89
INV_664242,CUST_0729,2025-12-08,23.4
INV_566152,CUST_0177,2025-04-10,7.99
INV_159163,CUST_0915,2025-03-17,27.23
INV_940530,CUST_0718,2025-08-11,142.86
INV_727083,CUST_0506,2025-05-24,34.28
INV_389336,CUST_0025,2025-02-22,78.07
INV_645977,CUST_0039,2025-04-19,127.77
INV_138102,CUST_0935,2025-08-11,10.09
INV_727438,CUST_0733,2025-08-23,62.56
INV_331915,CUST_0588,2025-01-09,72.0
INV_383821,CUST_0913,2025-09-10,89.54
INV_455249,CUST_0653,2025-06-17,10.9
INV_712380,CUST_0795,2025-05-02,14.63
INV_535564,CUST_0165,2025-12-05,46.68
INV_792440,CUST_0833,2025-12-08,82.9
INV_844699,CUST_0301,2025-05-12,26.9
INV_334677,CUST_0415,2025-10-02,75.06
INV_849074,CUST_0167,2025-04-01,20.37
INV_629036,CUST_0039,2025-05-06,38.03
INV_130355,CUST_0754,2025-08-08,45.63
INV_405062,CUST_0476,2025-11-13,85.37
INV_592734,CUST_0001,2025-12-14,154.86
INV_342804,CUST_0508,2025-11-08,41.32
INV_753983,CUST_0134,2025-02-27,8.05
INV_906991,CUST_0173,2025-11-13,25.03
INV_383876,CUST_0886,2025-08-01,230.56
INV_738353,CUST_0676,2025-08-15,61.0
INV_359214,CUST_0047,2025-08-21,18.5
INV_468501,CUST_0415,2025-01-01,51.95
INV_965291,,2025-05-24,67.62
INV_488043,CUST_0330,2025-08-12,10.18
INV_109337,CUST_0408,2025-06-05,25.9
INV_446809,CUST_0348,2025-06-13,35.54
INV_227016,CUST_0316,2025-06-27,21.41
INV_483934,CUST_0740,2025-07-11,34.67
INV_419187,CUST_0145,2025-07-20,24.17
INV_651820,CUST_0461,2025-08-08,21.72
INV_498929,CUST_0558,2025-02-04,85.3
INV_229473,CUST_0883,2025-09-13,46.66
INV_418714,CUST_0010,2025-11-08,101.68
INV_161813,CUST_0877,2025-01-05,8.7
INV_212816,CUST_0065,2025-05-26,203.89
INV_818040,CUST_0779,2025-12-07,69.81
INV_932972,CUST_0854,2025-11-11,90.57
INV_370846,CUST_0929,2025-04-08,9.19
INV_773744,CUST_0385,2025-11-07,97.52
INV_442786,CUST_0709,2025-12-17,69.87
INV_897348,CUST_0437,2025-01-23,73.44
INV_549613,CUST_0714,2025-03-24,20.29
INV_943523,CUST_0457,2025-01-01,146.11
INV_605950,CUST_0446,2025-10-15,9.66
INV_289089,CUST_0072,2025-02-08,57.6
INV_787409,CUST_0438,2025-04-28,87.6
INV_225917,CUST_0268,2025-02-23,162.35
INV_381342,CUST_0734,2025-09-08,30.75
INV_964141,CUST_0303,2025-07-26,76.6
INV_705605,CUST_0578,2025-03-16,18.28
INV_863185,,2025-09-09,184.59
INV_880722,CUST_0098,2025-12-04,29.91
INV_983671,CUST_0447,2025-11-04,43.18
INV_353490,CUST_0335,2025-01-30,51.29
INV_608041,CUST_0081,2025-05-13,79.14
INV_417267,CUST_0184,2025-11-26,73.42
INV_900820,CUST_0984,2025-03-10,183.61
INV_358090,CUST_0450,2025-07-24,18.06
INV_598870,CUST_0752,2025-04-21,13.71
INV_777775,CUST_0848,2025-04-05,30.51
INV_272312,CUST_0520,2025-12-26,61.16
INV_431868,CUST_0195,2025-12-18,36.41
INV_517170,CUST_0672,2025-03-02,17.11
INV_989513,,2025-01-05,26.55
INV_230560,CUST_0829,2025-01-22,11.68
INV_848589,CUST_0645,2025-08-21,27.3
INV_312890,CUST_0546,2025-03-19,25.53
INV_274293,CUST_0073,2025-10-09,79.79
INV_480975,CUST_0239,2025-02-25,100.57
INV_310176,CUST_0573,2025-12-03,22.09
INV_843091,CUST_0008,2025-04-23,48.43
INV_735605,CUST_0719,2025-10-30,28.33
INV_668535,CUST_0526,2025-01-28,28.21
INV_246106,CUST_0386,2025-12-31,10.4
INV_969270,CUST_0312,2025-01-07,59.79
INV_218033,CUST_0750,2025-12-29,41.68
INV_266926,CUST_0506,2025-10-21,41.73
INV_321897,CUST_0192,2025-04-29,28.81
INV_550009,CUST_0039,2025-09-30,18.19
INV_758956,CUST_0126,2025-10-27,19.45
INV_567010,CUST_0212,2025-01-25,58.65
INV_126069,CUST_0233,2025-04-19,36.89
INV_181264,CUST_0034,2025-04-21,69.07
INV_291076,CUST_0748,2025-03-24,28.92
INV_699991,CUST_0518,2025-06-29,54.22
INV_521240,CUST_0315,2025-12-31,25.54
INV_625893,,2025-05-30,18.99
INV_287210,CUST_0503,2025-04-22,15.38
INV_258518,CUST_0446,2025-11-14,81.26
INV_856254,CUST_0137,2025-09-04,9.89
INV_640677,CUST_0040,2025-08-17,189.24
INV_843246,CUST_0322,2025-08-08,119.72
INV_899666,CUST_0646,2025-04-28,20.92
INV_441383,CUST_0574,2025-07-13,44.11
INV_237541,CUST_0026,2025-06-22,73.54
INV_289139,CUST_0410,2025-04-28,63.35
INV_489678,CUST_0225,2025-01-20,19.99
INV_666821,,2025-03-31,73.2
INV_467436,CUST_0805,2025-05-19,128.48
INV_814743,CUST_0259,2025-06-10,28.24
INV_401953,CUST_0010,2025-09-18,10.45
INV_108512,CUST_0013,2025-06-17,82.2
INV_872042,CUST_0319,2025-04-11,7.62
INV_142078,CUST_0911,2025-02-07,31.38
INV_886667,CUST_0817,2025-03-10,87.4
INV_988266,CUST_0946,2025-11-30,129.1
INV_872608,CUST_0137,2025-03-17,28.96
INV_237023,CUST_0296,2025-11-16,45.95
INV_158596,CUST_0349,2025-11-24,86.7
INV_973172,CUST_0270,2025-11-12,15.54
INV_599097,CUST_0165,2025-01-05,19.6
INV_838345,CUST_0574,2025-05-12,24.6
INV_784647,CUST_0089,2025-10-23,34.56
INV_565317,CUST_0526,2025-10-15,35.45
INV_502400,CUST_0865,2025-01-23,33.49
INV_538774,CUST_0665,2025-05-25,110.93
INV_635590,CUST_0962,2025-11-05,114.13
INV_196646,CUST_0947,2025-07-17,133.98
INV_443054,CUST_0179,2025-02-11,14.25
INV_125053,CUST_0623,2025-06-06,38.28
INV_953088,CUST_0231,2025-06-06,14.9
INV_381173,CUST_0997,2025-10-16,9.03
INV_274944,CUST_0834,2025-01-10,38.15
INV_784846,CUST_0118,2025-10-21,42.1
INV_402775,CUST_0228,2025-12-31,13.64
INV_226108,CUST_0015,2025-06-06,42.43
INV_382753,CUST_0047,2025-11-20,65.15
INV_437827,CUST_0411,2025-04-05,48.56
INV_695603,CUST_0292,2025-10-09,20.55
INV_700613,CUST_0011,2025-09-11,115.09
INV_477177,CUST_0134,2025-07-19,32.29
INV_306988,,2025-12-29,14.99
INV_288014,CUST_0616,2025-07-29,50.04
INV_795275,CUST_0616,2025-11-12,47.95
INV_415172,CUST_0356,2025-11-20,77.75
INV_600315,CUST_0840,2025-05-07,14.95
INV_275399,CUST_0799,2025-02-20,67.51
INV_134560,CUST_0297,2025-08-02,116.2
INV_232717,CUST_0814,2025-04-11,196.01
INV_594592,CUST_0420,2025-07-01,89.27
INV_430388,CUST_0831,2025-02-24,19.11
INV_611411,CUST_0431,2025-11-05,25.87
INV_140738,CUST_0313,2025-04-27,49.15
INV_863978,CUST_0575,2025-09-01,42.19
INV_398512,CUST_0806,2025-07-29,37.0
INV_871253,CUST_0640,2025-12-30,117.25
INV_906388,CUST_0664,2025-01-25,38.54
INV_194270,CUST_0856,2025-06-10,27.75
INV_990324,CUST_0662,2025-06-03,8.09
INV_857907,CUST_0049,2025-12-03,153.57
INV_306524,CUST_0630,2025-12-08,11.51
INV_626047,CUST_0360,2025-02-18,23.52
INV_551282,CUST_0141,2025-08-03,32.54
INV_841804,CUST_0318,2025-02-01,35.92
INV_320178,CUST_0477,2025-10-13,89.01
INV_803662,CUST_0018,2025-09-14,74.73
INV_400709,CUST_0194,2025-04-23,30.54
INV_676775,CUST_0947,2025-11-15,12.39
INV_178623,CUST_0925,2025-02-24,138.94
INV_837334,CUST_0778,2025-06-11,31.15
INV_209575,CUST_0476,2025-10-15,64.14
INV_605815,CUST_0833,2025-11-09,18.79
INV_549589,CUST_0983,2025-09-12,8.4
INV_139986,CUST_0761,2025-08-27,45.42
INV_427073,CUST_0609,2025-04-02,19.74
INV_830399,CUST_0803,2025-04-06,209.35
INV_416915,CUST_0120,2025-10-29,87.3
INV_868734,CUST_0165,2025-07-01,17.82
INV_378176,CUST_0823,2025-01-07,52.64
INV_267292,CUST_0151,2025-03-26,8.71
INV_481009,CUST_0915,2025-02-05,53.84
INV_840874,CUST_0514,2025-10-30,51.61
INV_478387,CUST_0746,2025-07-14,47.65
INV_294269,CUST_0261,2025-10-20,31.2
INV_220674,CUST_0905,2025-08-14,96.32
INV_356713,CUST_0500,2025-12-08,75.59
INV_607606,CUST_0158,2025-04-30,197.6
INV_135954,CUST_0128,2025-08-12,32.42
INV_595553,CUST_0209,2025-01-14,68.41
INV_941461,CUST_0237,2025-10-08,20.92
INV_942393,CUST_0278,2025-08-23,32.15
INV_488822,CUST_0442,2025-01-29,15.98
INV_618271,CUST_0805,2025-03-16,85.32
INV_655941,CUST_0853,2025-02-11,46.17
INV_746117,CUST_0034,2025-01-17,30.88
INV_140809,CUST_0378,2025-03-17,17.9
INV_575781,CUST_0342,2025-01-27,111.12
INV_277900,CUST_0731,2025-06-17,20.49
INV_463476,,2025-06-22,89.44
INV_490719,CUST_0476,2025-07-09,40.43
INV_250322,CUST_0130,2025-11-06,67.78
INV_677564,CUST_0693,2025-10-19,73.83
INV_976031,CUST_0149,2025-09-24,22.83
INV_328071,CUST_0676,2025-04-23,65.03
INV_516366,CUST_0227,2025-11-06,36.59
INV_582615,CUST_0664,2025-09-03,14.03
INV_344883,CUST_0289,2025-09-07,8.93
INV_221789,CUST_0467,2025-08-15,90.4
INV_278376,CUST_0507,2025-12-31,15.06
INV_793264,CUST_0154,2025-03-14,11.01
INV_707847,CUST_0641,2025-08-05,62.42
INV_145186,CUST_0042,2025-01-25,20.23
INV_830546,CUST_0498,2025-08-17,7.61
INV_675762,CUST_0478,2025-04-12,47.65
INV_893392,CUST_0613,2025-02-13,81.63
INV_980438,CUST_0957,2025-01-17,142.52
INV_799983,CUST_0497,2025-10-30,11.58
INV_807220,CUST_0216,2025-12-05,66.79
INV_205423,CUST_0081,2025-08-03,65.45
INV_817912,CUST_0710,2025-07-19,20.43
INV_452744,CUST_0268,2025-05-23,60.67
INV_137641,CUST_0877,2025-01-26,9.31
INV_712121,CUST_0016,2025-07-18,337.98
INV_144813,CUST_0981,2025-03-27,118.69
INV_442703,CUST_0335,2025-04-27,66.59
INV_499953,CUST_0840,2025-11-11,137.42
INV_437054,CUST_0223,2025-04-13,9.2
INV_310017,CUST_0152,2025-04-18,13.28
INV_590457,CUST_0131,2025-10-20,41.5
INV_194071,CUST_0183,2025-12-30,45.73
INV_739896,CUST_0497,2025-01-04,77.88
INV_354444,CUST_0397,2025-07-29,40.54
INV_223618,CUST_0426,2025-04-18,19.43
INV_915862,CUST_0170,2025-02-03,8.47
INV_955778,CUST_0781,2025-05-21,29.3
INV_931516,CUST_0891,2025-02-08,7.93
INV_375128,CUST_0958,2025-11-14,36.92
INV_989097,CUST_0272,2025-08-24,193.82
INV_504032,CUST_0926,2025-12-25,40.77
INV_658221,CUST_0990,2025-06-26,12.77
INV_999005,CUST_0376,2025-06-07,93.73
INV_885332,CUST_0293,2025-06-02,22.11
INV_222744,CUST_0975,2025-03-14,12.72
INV_691652,CUST_0344,2025-05-20,148.49
INV_811998,CUST_0061,2025-07-17,189.12
INV_658924,CUST_0302,2025-12-10,35.85
INV_293283,CUST_0226,2025-06-02,68.7
INV_531413,CUST_0571,2025-03-13,136.2
INV_963561,CUST_0885,2025-08-31,39.85
INV_576072,CUST_0107,2025-08-14,29.31
INV_698069,CUST_0753,2025-09-16,86.24
INV_176898,CUST_0047,2025-08-03,104.35
INV_107657,CUST_0020,2025-08-29,16.1
INV_474999,CUST_0419,2025-06-27,37.91
INV_678316,CUST_0003,2025-06-09,35.51
INV_134701,CUST_0120,2025-03-30,47.95
INV_342615,CUST_0357,2025-04-08,35.01
INV_427304,CUST_0323,2025-05-03,13.74
INV_915624,CUST_0195,2025-08-14,96.66
INV_551978,CUST_0463,2025-02-09,128.2
INV_658030,CUST_0955,2025-08-14,31.13
INV_957263,,2025-11-24,61.04
INV_758380,CUST_0602,2025-02-06,18.69
INV_502732,CUST_0796,2025-03-22,10.36
INV_228322,,2025-11-14,47.89
INV_349690,CUST_0568,2025-02-09,58.5
INV_186231,CUST_0973,2025-08-25,67.08
INV_590042,CUST_0147,2025-12-02,55.84
INV_526346,CUST_0571,2025-10-31,62.95
INV_620547,CUST_0557,2025-12-11,127.22
INV_777894,CUST_0191,2025-06-04,70.37
INV_692632,CUST_0133,2025-08-23,153.85
INV_627007,CUST_0031,2025-01-23,7.73
INV_716529,,2025-06-07,115.21
INV_716412,CUST_0356,2025-09-15,87.81
INV_588972,CUST_0524,2025-10-22,17.16
INV_620551,CUST_0046,2025-06-04,186.29
INV_918007,CUST_0223,2025-12-20,52.73
INV_700530,CUST_0365,2025-06-12,13.69
INV_244353,CUST_0414,2025-03-15,32.97
INV_257732,CUST_0831,2025-03-01,16.4
INV_708095,CUST_0989,2025-10-05,132.07
INV_606047,CUST_0484,2025-08-30,139.94
INV_697897,CUST_0017,2025-01-12,10.64
INV_476826,,2025-07-12,10.18
INV_215374,CUST_0210,2025-11-02,215.41
INV_973698,CUST_0285,2025-07-23,69.82
INV_632101,CUST_0948,2025-01-07,10.55
INV_389226,CUST_0879,2025-03-20,84.36
INV_244097,,2025-01-26,15.29
INV_984200,CUST_0285,2025-01-04,32.49
INV_438076,CUST_0039,2025-09-28,78.77
INV_440941,CUST_0075,2025-10-15,11.37
INV_677218,CUST_0084,2025-01-22,13.84
INV_395900,CUST_0849,2025-08-24,8.93
INV_521818,CUST_0021,2025-10-30,31.99
INV_787556,CUST_0084,2025-09-19,71.74
INV_346693,CUST_0387,2025-09-14,24.9
INV_650719,CUST_0527,2025-06-11,18.28
INV_531374,CUST_0793,2025-10-07,28.19
INV_383707,CUST_0492,2025-07-27,42.76
INV_501927,CUST_0430,2025-05-25,11.8
INV_261779,CUST_0591,2025-01-27,91.33
INV_338260,CUST_0199,2025-12-15,13.83
INV_770611,CUST_0536,2025-11-12,161.71
INV_618349,CUST_0558,2025-01-15,37.06
INV_658819,CUST_0455,2025-09-30,49.56
INV_877147,CUST_0521,2025-06-15,19.0
INV_935700,CUST_0831,2025-08-02,46.75
INV_709996,CUST_0386,2025-12-10,33.05
INV_257661,CUST_0721,2025-03-13,35.61
INV_817406,CUST_0320,2025-12-04,36.92
INV_164288,CUST_0166,2025-02-01,55.65
INV_932599,CUST_0102,2025-09-24,36.97
INV_793919,CUST_0553,2025-03-17,201.77
INV_720635,CUST_0463,2025-03-21,37.13
INV_122431,CUST_0660,2025-06-10,44.41
INV_998792,CUST_0242,2025-12-19,40.31
INV_936501,CUST_0973,2025-03-18,11.18
INV_853753,CUST_0103,2025-07-13,178.17
INV_955009,CUST_0686,2025-05-02,80.06
INV_944092,CUST_0106,2025-11-01,143.73
INV_860581,CUST_0963,2025-05-03,8.94
INV_133320,CUST_0073,2025-12-25,50.21
INV_359931,CUST_0370,2025-07-23,99.65
INV_649114,CUST_0318,2025-03-25,26.16
INV_198511,CUST_0383,2025-01-07,56.16
INV_920094,CUST_0900,2025-11-10,76.43
INV_719369,CUST_0515,2025-05-07,41.13
INV_619052,CUST_0014,2025-01-12,20.27
INV_787250,CUST_0537,2025-10-28,50.54
INV_128380,CUST_0567,2025-08-26,25.99
INV_739282,CUST_0631,2025-11-05,55.88
INV_902514,CUST_0812,2025-03-23,8.45
INV_889352,CUST_0662,2025-02-06,259.89
INV_895378,CUST_0059,2025-05-11,11.33
INV_998254,CUST_0035,2025-04-03,31.89
INV_474484,,2025-11-28,16.11
INV_912395,CUST_0159,2025-01-24,32.44
INV_476369,CUST_0382,2025-01-20,39.13
INV_519065,CUST_0689,2025-04-06,47.41
INV_667873,CUST_0117,2025-12-20,37.51
INV_915858,CUST_0335,2025-09-19,55.39
INV_349474,CUST_0371,2025-07-05,117.06
INV_971310,CUST_0237,2025-01-18,52.43
INV_257795,CUST_0737,2025-12-21,74.82
INV_297133,CUST_0752,2025-03-28,52.55
INV_688612,CUST_0334,2025-01-02,16.48
INV_720347,,2025-02-10,20.28
INV_397190,CUST_0381,2025-04-21,47.94
INV_932325,CUST_0985,2025-03-25,47.95
INV_429793,CUST_0145,2025-12-11,164.42
INV_244832,CUST_0163,2025-08-17,7.91
INV_857038,CUST_0424,2025-06-13,165.03
INV_444333,CUST_0287,2025-01-10,10.94
INV_211453,CUST_0592,2025-04-03,25.99
INV_965962,CUST_0361,2025-09-14,34.36
INV_614933,,2025-01-01,20.6
INV_417348,CUST_0980,2025-10-11,9.18
INV_857232,CUST_0687,2025-07-23,36.46
INV_969742,CUST_0632,2025-02-13,34.11
INV_134707,CUST_0719,2025-04-18,42.43
INV_802974,CUST_0882,2025-11-30,10.15
INV_574112,CUST_0293,2025-01-20,9.89
INV_259476,CUST_0119,2025-02-04,34.58
INV_950610,CUST_0059,2025-11-21,12.41
INV_348500,CUST_0206,2025-01-12,14.73
INV_296733,CUST_0242,2025-08-04,59.62
INV_246470,CUST_0994,2025-08-05,53.36
INV_430929,CUST_0223,2025-07-03,40.12
INV_909343,CUST_0919,2025-10-21,14.27
INV_626257,CUST_0638,2025-10-28,14.47
INV_747296,CUST_0746,2025-01-08,165.16
INV_734965,CUST_0776,2025-06-06,33.89
INV_596758,CUST_0175,2025-10-17,56.26
INV_386233,CUST_0218,2025-04-24,20.1
INV_588011,CUST_0648,2025-10-30,45.54
INV_201376,CUST_0987,2025-11-24,78.93
INV_381652,,2025-10-14,55.9
INV_894557,CUST_0304,2025-03-10,46.24
INV_629992,CUST_0220,2025-07-11,9.72
INV_782568,CUST_0161,2025-06-18,233.0
INV_519139,CUST_0757,2025-03-18,22.83
INV_584965,CUST_0610,2025-04-12,25.32
INV_345014,CUST_0019,2025-03-23,102.13
INV_494583,CUST_0851,2025-12-31,84.13
INV_451296,CUST_0822,2025-03-30,25.41
INV_308786,CUST_0076,2025-07-18,44.8
INV_239999,CUST_0828,2025-04-03,34.3
INV_949881,CUST_0497,2025-10-18,19.1
INV_553449,CUST_0267,2025-12-21,15.8
INV_325049,CUST_0962,2025-09-22,29.0
INV_847419,CUST_0328,2025-10-31,92.03
INV_394923,CUST_0629,2025-08-09,26.28
INV_766923,CUST_0133,2025-10-31,46.56
INV_520182,CUST_0740,2025-09-28,30.07
INV_965146,CUST_0326,2025-10-29,64.48
INV_159182,CUST_0427,2025-01-21,17.3
INV_753091,CUST_0117,2025-05-04,146.71
INV_571828,CUST_0715,2025-02-20,10.3
INV_237084,CUST_0141,2025-10-02,12.31
INV_798012,CUST_0964,2025-02-21,57.4
INV_221999,CUST_0751,2025-06-05,42.36
INV_800336,CUST_0106,2025-06-07,64.17
INV_186365,CUST_0589,2025-05-12,85.47
INV_279785,CUST_0459,2025-09-20,58.93
INV_905175,CUST_0039,2025-06-08,63.06
INV_732259,CUST_0241,2025-10-25,119.91
INV_957463,CUST_0886,2025-09-20,83.62
INV_712492,CUST_0685,2025-12-28,12.86
INV_240507,,2025-04-28,40.08
INV_706217,CUST_0905,2025-01-26,18.22
INV_618727,CUST_0984,2025-05-01,89.93
INV_227834,CUST_0152,2025-07-27,44.1
INV_549042,CUST_0293,2025-03-09,21.96
INV_975352,CUST_0612,2025-03-01,57.58
INV_601174,CUST_0146,2025-06-13,14.8
INV_346242,CUST_0242,2025-03-10,15.78
INV_966964,CUST_0108,2025-08-14,36.32
INV_640302,CUST_0977,2025-05-30,8.58
INV_305768,CUST_0419,2025-06-09,53.22
INV_893853,CUST_0590,2025-03-18,48.12
INV_628646,CUST_0921,2025-09-15,21.94
INV_394054,CUST_0597,2025-05-26,30.81
INV_209847,CUST_0937,2025-08-29,8.22
INV_396037,CUST_0700,2025-10-29,12.45
INV_416397,CUST_0554,2025-10-15,21.92
INV_304451,CUST_0036,2025-08-20,54.14
INV_503322,CUST_0899,2025-03-14,25.08
INV_426459,CUST_0070,2025-07-15,33.79
INV_235327,CUST_0642,2025-01-05,10.76
INV_960226,CUST_0149,2025-09-21,102.94
INV_329189,CUST_0812,2025-02-27,25.72
INV_749829,CUST_0130,2025-08-03,28.9
INV_605629,CUST_0209,2025-10-18,66.53
INV_719961,CUST_0116,2025-09-21,46.59
INV_955342,CUST_0548,2025-11-29,52.85
INV_450877,CUST_0311,2025-07-27,31.2
INV_784688,CUST_0633,2025-02-24,71.01
INV_855343,CUST_0400,2025-05-16,78.91
INV_286994,CUST_0542,2025-08-25,13.24
INV_293783,CUST_0104,2025-04-28,227.58
INV_984884,CUST_0364,2025-11-17,90.54
INV_477844,CUST_0084,2025-08-19,97.51
INV_618652,CUST_0784,2025-02-07,15.31
INV_843537,CUST_0654,2025-10-19,23.75
INV_659873,CUST_0749,2025-03-07,29.08
INV_548330,CUST_0987,2025-09-06,43.81
INV_118073,CUST_0835,2025-06-29,22.26
INV_714805,CUST_0196,2025-11-07,15.44
INV_557828,CUST_0939,2025-05-23,225.67
INV_767689,CUST_0244,2025-01-12,127.55
INV_291703,CUST_0678,2025-03-23,51.99
INV_393894,CUST_0670,2025-05-14,14.35
INV_736308,CUST_0948,2025-01-14,11.3
INV_754801,CUST_0675,2025-03-07,15.01
INV_587689,CUST_0206,2025-10-03,45.8
INV_129984,CUST_0537,2025-10-08,36.87
INV_322317,CUST_0164,2025-04-05,37.54
INV_738387,CUST_0336,2025-11-06,87.06
INV_872577,CUST_0899,2025-01-25,56.89
INV_664396,CUST_0392,2025-01-25,19.41
INV_636159,CUST_0956,2025-01-12,159.43
INV_652467,CUST_0092,2025-05-21,131.52
INV_479551,,2025-11-12,93.31
INV_334555,CUST_0861,2025-02-12,50.99
INV_667201,CUST_0663,2025-10-14,10.35
INV_543057,CUST_0778,2025-12-11,10.2
INV_793206,CUST_0253,2025-02-25,23.38
INV_325469,CUST_0083,2025-04-09,10.99
INV_254363,CUST_0494,2025-09-20,60.52
INV_679111,CUST_0609,2025-09-17,52.63
INV_534995,CUST_0785,2025-04-11,50.48
INV_596037,CUST_0221,2025-11-04,55.48
INV_656659,CUST_0231,2025-06-27,13.8
INV_458918,CUST_0703,2025-03-03,55.27
INV_655462,CUST_0155,2025-04-02,37.07
INV_293718,CUST_0741,2025-03-27,156.87
INV_741269,CUST_0386,2025-03-03,37.04
INV_386166,CUST_0742,2025-03-20,46.77
INV_421497,CUST_0826,2025-03-06,25.09
INV_802436,CUST_0242,2025-08-01,17.48
INV_602754,CUST_0173,2025-06-09,37.61
INV_384564,CUST_0497,2025-07-07,54.24
INV_976313,CUST_0308,2025-09-13,12.15
INV_399631,CUST_0510,2025-07-15,97.5
INV_769416,CUST_0764,2025-03-23,36.58
INV_479504,CUST_0733,2025-02-11,76.67
INV_976968,CUST_0105,2025-07-11,77.07
INV_237244,CUST_0129,2025-05-10,33.4
INV_652959,CUST_0097,2025-01-10,127.37
INV_489878,CUST_0956,2025-08-20,35.35
INV_937831,CUST_0802,2025-09-21,108.97
INV_873974,CUST_0945,2025-03-20,106.58
INV_654399,CUST_0856,2025-06-22,14.82
INV_825836,CUST_0940,2025-03-28,58.81
INV_369932,CUST_0200,2025-03-28,64.2
INV_247603,CUST_0435,2025-06-01,9.13
INV_739341,CUST_0277,2025-08-20,27.11
INV_858994,CUST_0228,2025-05-19,166.43
INV_192601,CUST_0391,2025-01-28,27.22
INV_569511,CUST_0261,2025-09-18,56.09
INV_703103,CUST_0320,2025-05-18,8.45
INV_161063,CUST_0368,2025-08-08,110.62
INV_545377,CUST_0768,2025-12-26,51.6
INV_797960,CUST_0463,2025-02-18,20.77
INV_972637,CUST_0169,2025-08-05,41.5
INV_518443,CUST_0767,2025-09-23,79.64
INV_732500,CUST_0859,2025-09-15,48.95
INV_291775,CUST_0160,2025-12-17,40.6
INV_670126,CUST_0892,2025-08-14,13.67
INV_170119,CUST_0273,2025-07-02,11.99
INV_729720,CUST_0827,2025-11-30,33.54
INV_507507,CUST_0626,2025-10-05,21.9
INV_985421,CUST_0725,2025-06-21,17.4
INV_279830,CUST_0113,2025-05-02,83.66
INV_287921,CUST_0039,2025-09-25,120.56
INV_722893,CUST_0149,2025-05-29,180.07
INV_769931,CUST_0360,2025-08-26,74.91
INV_158005,CUST_0736,2025-07-22,24.86
INV_980412,CUST_0235,2025-12-11,132.19
INV_743534,CUST_0781,2025-09-15,13.86
INV_584814,CUST_0436,2025-10-10,158.53
INV_470965,CUST_0407,2025-03-29,26.36
INV_632994,CUST_0683,2025-07-08,68.71
INV_806972,CUST_0703,2025-04-28,44.96
INV_895928,CUST_0030,2025-10-22,46.24
INV_665609,CUST_0128,2025-08-17,15.35
INV_155147,CUST_0186,2025-05-24,82.65
INV_344839,CUST_0261,2025-01-03,223.72
INV_484865,CUST_0483,2025-08-12,102.84
INV_860109,CUST_0491,2025-01-10,68.53
INV_787016,CUST_0231,2025-08-07,16.87
INV_540917,CUST_0112,2025-01-13,42.32
INV_791211,CUST_0234,2025-03-31,89.96
INV_664660,CUST_0209,2025-01-14,69.8
INV_986514,CUST_0377,2025-01-20,25.32
INV_969049,CUST_0735,2025-03-11,101.67
INV_731827,CUST_0132,2025-04-21,34.29
INV_647993,CUST_0906,2025-01-24,18.52
INV_364167,CUST_0805,2025-08-18,31.44
INV_204195,CUST_0871,2025-07-21,50.99
INV_389910,CUST_0188,2025-02-26,29.57
INV_169122,CUST_0583,2025-01-04,39.61
INV_981718,CUST_0728,2025-08-17,46.54
INV_116029,CUST_0500,2025-09-11,37.5
INV_471602,CUST_0594,2025-06-08,8.54
INV_964661,CUST_0817,2025-11-15,11.11
INV_252889,CUST_0664,2025-04-19,69.16
INV_869727,CUST_0998,2025-04-27,77.43
INV_390998,CUST_0019,2025-06-22,14.68
INV_461278,CUST_0113,2025-07-02,19.61
INV_389530,CUST_0628,2025-04-23,48.53
INV_702272,CUST_0303,2025-11-09,129.21
INV_130447,CUST_0401,2025-07-17,53.0
INV_741147,CUST_0047,2025-07-17,220.11
INV_627759,CUST_0075,2025-12-25,45.68
INV_146850,CUST_0837,2025-03-02,182.75
INV_761757,CUST_0973,2025-04-17,8.6
INV_708108,CUST_0630,2025-07-17,40.35
INV_911554,CUST_0563,2025-09-02,10.1
INV_384580,CUST_0302,2025-03-10,90.51
INV_518495,CUST_0980,2025-02-18,33.21
INV_250787,CUST_0261,2025-12-22,13.95
INV_456992,CUST_0638,2025-08-19,112.91
INV_750024,CUST_0792,2025-11-09,7.82
INV_530267,CUST_0182,2025-06-23,49.9
INV_686712,CUST_0569,2025-01-31,122.66
INV_829963,CUST_0548,2025-08-01,10.72
INV_755522,CUST_0618,2025-12-08,21.15
INV_586799,CUST_0951,2025-08-08,77.12
INV_411877,CUST_0182,2025-04-16,91.33
INV_814423,CUST_0556,2025-11-25,37.59
INV_466008,CUST_0619,2025-03-25,51.01
INV_654970,CUST_0533,2025-07-15,24.54
INV_507505,CUST_0519,2025-03-11,111.04
INV_351351,CUST_0672,2025-09-05,43.27
INV_495755,CUST_0655,2025-07-18,30.0
INV_511961,CUST_0888,2025-05-22,66.56
INV_349430,CUST_0021,2025-03-23,14.55
INV_450040,CUST_0730,2025-11-01,35.56
INV_191006,CUST_0853,2025-06-10,14.88
INV_888768,CUST_0490,2025-11-23,59.31
INV_238593,CUST_0593,2025-06-01,12.99
INV_406773,,2025-02-12,10.65
INV_412813,CUST_0177,2025-01-17,50.21
INV_113140,CUST_0198,2025-04-08,37.33
INV_211672,CUST_0517,2025-01-02,56.6
INV_720399,CUST_0066,2025-11-26,35.42
INV_358635,CUST_0435,2025-05-05,69.75
INV_148777,CUST_0344,2025-10-21,81.39
INV_897232,CUST_0611,2025-07-11,78.59
INV_768179,CUST_0960,2025-02-01,20.97
INV_524149,CUST_0154,2025-03-09,71.12
INV_904565,CUST_0655,2025-08-20,102.11
INV_549916,CUST_0628,2025-04-02,20.78
INV_612880,CUST_0680,2025-02-27,70.01
INV_375709,CUST_0447,2025-03-07,10.53
INV_141971,CUST_0899,2025-02-13,42.32
INV_257462,CUST_0227,2025-09-19,28.43
INV_762212,CUST_0601,2025-06-27,11.91
INV_685289,CUST_0307,2025-09-24,17.75
INV_361716,CUST_0008,2025-10-24,46.28
INV_271918,CUST_0072,2025-02-24,53.81
INV_500187,CUST_0944,2025-08-26,41.77
INV_924143,CUST_0468,2025-09-25,15.67
INV_310545,CUST_0387,2025-12-31,113.97
INV_578336,CUST_0875,2025-02-09,39.33
INV_379215,CUST_0520,2025-04-11,66.86
INV_373349,CUST_0619,2025-04-11,33.62
INV_687275,CUST_0366,2025-09-03,94.98
INV_678688,CUST_0907,2025-10-29,24.83
INV_939188,CUST_0575,2025-04-19,193.89
INV_133691,CUST_0670,2025-09-26,25.05
INV_906527,CUST_0102,2025-08-11,55.54
INV_339968,CUST_0795,2025-11-21,44.42
INV_255289,CUST_0196,2025-10-08,85.41
INV_832635,CUST_0382,2025-05-13,170.81
INV_195665,CUST_0477,2025-09-22,84.43
INV_222232,CUST_0646,2025-07-30,71.64
INV_668020,CUST_0395,2025-12-30,35.17
INV_887019,CUST_0728,2025-08-14,84.48
INV_529332,CUST_0476,2025-10-13,16.09
INV_457792,CUST_0156,2025-09-05,11.6
INV_276168,CUST_0981,2025-06-12,14.39
INV_205400,CUST_0307,2025-12-04,69.67
INV_237488,CUST_0279,2025-06-25,46.24
INV_533934,CUST_0837,2025-04-18,36.18
INV_753583,CUST_0859,2025-10-16,13.57
INV_765847,CUST_0930,2025-03-07,24.52
INV_204648,CUST_0156,2025-02-16,16.15
INV_791958,CUST_0660,2025-05-04,223.35
INV_352419,CUST_0855,2025-05-08,53.84
INV_727220,CUST_0442,2025-10-30,23.89
INV_472013,CUST_0227,2025-11-09,23.8
INV_150939,CUST_0654,2025-02-08,81.62
INV_973093,CUST_0845,2025-07-26,21.07
INV_742650,CUST_0251,2025-08-07,44.49
INV_364803,CUST_0354,2025-02-15,35.26
INV_802098,,2025-11-24,13.71
INV_863760,CUST_0542,2025-11-30,36.85
INV_868613,CUST_0281,2025-12-10,8.74
INV_615693,CUST_0727,2025-05-30,95.45
INV_891507,CUST_0947,2025-10-02,81.04
INV_541416,CUST_0173,2025-11-23,51.2
INV_216219,CUST_0763,2025-05-04,87.08
INV_835036,CUST_0787,2025-04-30,62.24
INV_237888,CUST_0676,2025-10-13,9.62
INV_195028,CUST_0376,2025-11-04,23.63
INV_302435,CUST_0739,2025-11-30,68.67
INV_468252,CUST_0068,2025-09-21,101.9
INV_217886,CUST_0622,2025-03-27,107.78
INV_174813,CUST_0255,2025-07-02,41.6
INV_952746,CUST_0881,2025-06-07,32.73
INV_674100,CUST_0576,2025-02-19,45.83
INV_536162,CUST_0325,2025-10-31,87.6
INV_146403,CUST_0684,2025-07-20,115.67
INV_582604,CUST_0035,2025-08-04,147.88
INV_433997,CUST_0343,2025-11-28,116.2
INV_913081,,2025-01-15,48.95
INV_573620,CUST_0820,2025-04-03,15.92
INV_964434,CUST_0819,2025-02-07,47.81
INV_330147,CUST_0132,2025-11-07,39.82
INV_635381,CUST_0406,2025-03-17,37.6
INV_897622,CUST_0492,2025-07-13,21.76
INV_664485,CUST_0361,2025-09-14,21.6
INV_448939,CUST_0214,2025-06-02,7.63
INV_474226,CUST_0262,2025-08-06,114.57
INV_306940,CUST_0380,2025-12-28,167.65
INV_173869,CUST_0621,2025-08-29,51.34
INV_302416,CUST_0291,2025-08-25,36.44
INV_510925,CUST_0653,2025-07-08,7.75
INV_849971,CUST_0881,2025-07-09,88.12
INV_509940,CUST_0892,2025-12-19,26.12
INV_236554,CUST_0757,2025-07-11,39.85
INV_867524,CUST_0822,2025-08-21,30.26
INV_552372,CUST_0817,2025-02-10,84.22
INV_955080,CUST_0819,2025-02-28,39.36
INV_705842,CUST_0551,2025-07-11,62.02
INV_808140,CUST_0907,2025-11-29,126.8
INV_668651,CUST_0001,2025-06-17,32.15
INV_299919,CUST_0584,2025-04-19,49.63
INV_854651,CUST_0929,2025-10-28,64.53
INV_747341,CUST_0250,2025-01-08,96.91
INV_952694,CUST_0343,2025-06-07,20.9
INV_539953,CUST_0689,2025-06-24,99.87
INV_880926,CUST_0962,2025-11-20,29.29
INV_658830,CUST_0420,2025-03-23,11.86
INV_903147,CUST_0412,2025-03-25,111.26
INV_423494,CUST_0378,2025-08-31,27.22
INV_544865,CUST_0770,2025-10-12,58.59
INV_961069,CUST_0819,2025-11-27,48.59
INV_205848,CUST_0210,2025-02-20,117.53
INV_880741,CUST_0551,2025-01-28,15.99
INV_261445,CUST_0667,2025-04-27,112.23
INV_349768,CUST_0387,2025-12-16,14.4
INV_320972,CUST_0268,2025-08-23,37.45
INV_308944,CUST_0975,2025-12-23,13.41
INV_412727,CUST_0127,2025-08-11,35.78
INV_572501,CUST_0505,2025-10-21,91.57
INV_331496,CUST_0107,2025-05-26,30.78
INV_979979,CUST_0949,2025-05-02,47.65
INV_703291,CUST_0866,2025-10-15,85.28
INV_182279,CUST_0172,2025-12-01,71.6
INV_870042,CUST_0075,2025-02-17,8.06
INV_841280,CUST_0825,2025-04-28,62.52
INV_533819,CUST_0920,2025-06-16,39.76
INV_978135,CUST_0933,2025-01-07,14.42
INV_826802,CUST_0833,2025-07-12,139.38
INV_888443,CUST_0669,2025-07-21,54.21
INV_897552,CUST_0419,2025-05-06,48.28
INV_494145,CUST_0806,2025-03-05,49.39
INV_607365,CUST_0688,2025-04-26,46.56
INV_839180,CUST_0833,2025-01-31,59.95
INV_775159,CUST_0434,2025-11-21,19.17
INV_845219,CUST_0443,2025-03-08,157.11
INV_530442,CUST_0666,2025-06-04,18.04
INV_572890,CUST_0448,2025-08-22,30.15
INV_876676,CUST_0125,2025-09-02,22.86
INV_304923,CUST_0122,2025-05-05,28.32
INV_785763,CUST_0869,2025-02-04,106.18
INV_423660,CUST_0786,2025-07-20,193.62
INV_159500,CUST_0059,2025-05-06,29.71
INV_496452,CUST_0736,2025-10-05,42.58
INV_632844,CUST_0489,2025-11-01,41.69
INV_150098,CUST_0854,2025-11-05,88.21
INV_226060,CUST_0899,2025-02-11,86.4
INV_799309,CUST_0563,2025-09-07,10.17
INV_493574,CUST_0383,2025-01-21,160.22
INV_967964,CUST_0836,2025-04-02,46.86
INV_244355,CUST_0483,2025-04-21,83.86
INV_943601,CUST_0435,2025-09-30,67.19
INV_336281,CUST_0104,2025-08-02,45.41
INV_250023,CUST_0787,2025-06-14,66.56
INV_339779,CUST_0284,2025-01-05,36.54
INV_232212,CUST_0886,2025-05-27,13.89
INV_512811,CUST_0866,2025-09-24,27.13
INV_126086,CUST_0246,2025-05-29,69.14
INV_670387,CUST_0476,2025-01-05,78.64
INV_638181,CUST_0937,2025-02-15,9.08
INV_815371,CUST_0529,2025-05-27,39.87
INV_565918,CUST_0748,2025-11-04,97.13
INV_521280,CUST_0695,2025-09-07,37.93
INV_282170,CUST_0958,2025-08-04,33.69
INV_660881,CUST_0715,2025-07-11,38.01
INV_824698,CUST_0465,2025-06-28,108.69
INV_630430,CUST_0082,2025-04-02,86.59
INV_808770,CUST_0751,2025-09-17,81.43
INV_894448,CUST_0048,2025-11-25,10.26
INV_966450,CUST_0337,2025-08-13,108.11
INV_221668,CUST_0575,2025-10-21,20.81
INV_414063,CUST_0013,2025-07-08,124.9
INV_317770,CUST_0114,2025-01-22,59.87
INV_440093,CUST_0835,2025-02-23,41.21
INV_939319,CUST_0277,2025-07-23,80.93
INV_877949,CUST_0547,2025-07-03,41.34
INV_372647,,2025-06-12,283.3
INV_616637,CUST_0794,2025-04-23,11.73
INV_788152,CUST_0647,2025-03-08,67.75
INV_317228,CUST_0549,2025-01-01,10.72
INV_500511,CUST_0744,2025-05-16,73.43
INV_456898,CUST_0201,2025-05-07,104.6
INV_439208,CUST_0194,2025-07-10,11.68
INV_494597,CUST_0802,2025-09-17,31.02
INV_141869,CUST_0075,2025-12-21,43.35
INV_259292,CUST_0188,2025-06-22,61.34
INV_563937,CUST_0083,2025-05-03,98.95
INV_451977,CUST_0936,2025-05-25,38.75
INV_860129,CUST_0380,2025-05-24,36.78
INV_851518,CUST_0450,2025-01-13,56.96
INV_168487,CUST_0508,2025-10-17,22.35
INV_551610,CUST_0215,2025-04-30,30.87
INV_914886,CUST_0630,2025-08-09,46.89
INV_222258,,2025-08-21,18.64
INV_606581,CUST_0053,2025-10-02,54.46
INV_662621,,2025-12-03,64.75
INV_649523,CUST_0074,2025-01-10,85.03
INV_247309,CUST_0160,2025-01-14,35.49
INV_745822,CUST_0053,2025-12-01,43.68
INV_942503,CUST_0260,2025-07-24,119.39
INV_505453,CUST_0466,2025-01-12,38.4
INV_279838,CUST_0290,2025-12-04,85.62
INV_976110,CUST_0075,2025-12-27,69.64
INV_937393,CUST_0441,2025-08-29,39.7
INV_914422,CUST_0096,2025-08-02,62.74
INV_266277,CUST_0088,2025-11-02,35.81
INV_468266,CUST_0325,2025-11-16,24.61
INV_284456,CUST_0633,2025-03-06,13.76
INV_590083,CUST_0923,2025-06-11,24.42
INV_233296,CUST_0850,2025-11-03,33.1
INV_491858,CUST_0198,2025-04-22,131.43
INV_855612,CUST_0421,2025-07-05,9.44
INV_385622,CUST_0929,2025-11-12,52.57
INV_767540,CUST_0906,2025-06-24,15.72
INV_611511,CUST_0235,2025-01-13,16.58
INV_735310,CUST_0876,2025-01-11,143.01
INV_378355,CUST_0793,2025-04-04,21.6
INV_487881,CUST_0979,2025-07-30,54.0
INV_573958,CUST_0913,2025-04-11,38.56
INV_691343,CUST_0540,2025-02-10,36.58
INV_891787,CUST_0658,2025-09-13,28.2
INV_780332,CUST_0873,2025-01-13,31.74
INV_391464,CUST_0100,2025-01-31,64.73
INV_227927,CUST_0329,2025-06-15,36.26
INV_469836,CUST_0982,2025-04-10,58.47
INV_715175,CUST_0749,2025-06-11,30.09
INV_948923,CUST_0263,2025-10-19,67.88
INV_686549,CUST_0326,2025-05-29,59.08
INV_340891,CUST_0438,2025-03-06,106.92
INV_388816,CUST_0235,2025-08-15,56.96
INV_162507,CUST_0118,2025-02-23,40.14
INV_914604,CUST_0815,2025-02-22,59.92
INV_274037,,2025-04-12,26.02
INV_837954,CUST_0849,2025-12-22,141.28
INV_357803,CUST_0921,2025-04-21,25.54
INV_983096,CUST_0182,2025-01-24,65.57
INV_538080,CUST_0740,2025-07-07,30.31
INV_438384,CUST_0852,2025-04-29,74.42
INV_366010,CUST_0104,2025-04-02,175.36
INV_151374,CUST_0502,2025-06-30,11.08
INV_967461,CUST_0734,2025-08-21,13.26
INV_927424,CUST_0391,2025-08-12,23.12
INV_775453,CUST_0055,2025-01-07,26.75
INV_811028,CUST_0012,2025-01-16,45.28
INV_284626,CUST_0484,2025-05-15,102.63
INV_914038,CUST_0457,2025-06-09,110.47
INV_878883,CUST_0729,2025-02-14,30.34
INV_626492,CUST_0616,2025-07-14,63.23
INV_658158,CUST_0610,2025-08-14,37.28
INV_518184,CUST_0124,2025-08-06,46.77
INV_436851,CUST_0631,2025-05-13,41.55
INV_811195,CUST_0434,2025-11-27,155.58
INV_277241,CUST_0278,2025-08-21,17.82
INV_526009,CUST_0492,2025-07-18,14.33
INV_993388,CUST_0025,2025-10-28,22.05
INV_369150,CUST_0693,2025-12-26,114.1
INV_123091,CUST_0412,2025-11-17,26.55
INV_118990,CUST_0102,2025-08-04,65.59
INV_470416,CUST_0159,2025-06-23,10.39
INV_213000,CUST_0882,2025-01-05,38.45
INV_832081,CUST_0459,2025-09-05,13.99
INV_595164,CUST_0422,2025-08-14,19.96
INV_353317,CUST_0122,2025-10-04,155.03
INV_925553,CUST_0294,2025-03-03,81.52
INV_537470,CUST_0590,2025-07-21,16.45
INV_667815,CUST_0734,2025-01-03,15.65
INV_255344,CUST_0428,2025-08-23,57.99
INV_208042,,2025-11-27,78.41
INV_128328,CUST_0863,2025-06-05,55.93
INV_917711,CUST_0272,2025-03-09,143.61
INV_438365,CUST_0696,2025-11-16,145.11
INV_950193,CUST_0332,2025-05-19,35.14
INV_487025,CUST_0019,2025-11-07,18.33
INV_911804,CUST_0154,2025-09-17,87.08
INV_850186,CUST_0571,2025-05-05,136.97
INV_150081,CUST_0811,2025-09-02,144.99
INV_501415,CUST_0247,2025-01-08,15.44
INV_556285,CUST_0478,2025-12-18,24.2
INV_988403,CUST_0833,2025-02-08,75.91
INV_599797,CUST_0600,2025-08-30,73.95
INV_511236,CUST_0044,2025-05-17,88.69
INV_470858,CUST_0988,2025-06-05,19.18
INV_760327,CUST_0981,2025-08-04,81.78
INV_892154,CUST_0322,2025-02-24,66.23
INV_858108,CUST_0790,2025-04-11,20.19
INV_505513,CUST_0451,2025-12-30,56.37
INV_512918,CUST_0740,2025-09-22,15.02
INV_207096,CUST_0667,2025-02-03,232.45
INV_633459,CUST_0605,2025-11-23,28.41
INV_468226,CUST_0404,2025-04-27,8.99
INV_905581,CUST_0625,2025-12-25,46.23
INV_498172,CUST_0017,2025-10-01,227.33
INV_688099,CUST_0980,2025-06-30,27.48
INV_780089,CUST_0961,2025-04-24,112.13
INV_742762,CUST_0877,2025-04-26,8.76
INV_191328,CUST_0041,2025-04-15,19.19
INV_134540,CUST_0401,2025-10-05,98.21
INV_811935,CUST_0937,2025-08-09,32.9
INV_515842,CUST_0651,2025-11-08,46.55
INV_166668,CUST_0588,2025-10-09,89.87
INV_819174,CUST_0700,2025-07-18,108.53
INV_825453,CUST_0154,2025-02-09,30.56
INV_410001,CUST_0132,2025-10-06,36.61
INV_532680,CUST_0628,2025-04-19,47.75
INV_507085,CUST_0368,2025-05-27,48.04
INV_538242,CUST_0924,2025-11-20,23.25
INV_471994,CUST_0421,2025-07-14,11.99
INV_644279,CUST_0040,2025-07-08,65.88
INV_747096,CUST_0536,2025-01-04,14.9
INV_870326,CUST_0433,2025-06-30,22.44
INV_399188,CUST_0877,2025-03-10,29.88
INV_365976,CUST_0830,2025-06-18,7.5
INV_863529,CUST_0700,2025-02-23,27.74
INV_924834,CUST_0680,2025-04-13,23.82
INV_962147,CUST_0384,2025-06-28,9.9
INV_982174,CUST_0988,2025-11-28,18.93
INV_253484,CUST_0420,2025-08-27,31.7
INV_528733,CUST_0343,2025-11-10,23.74
INV_951890,CUST_0869,2025-01-25,20.61
INV_463898,CUST_0206,2025-07-04,28.36
INV_520343,CUST_0047,2025-08-16,196.06
INV_904807,CUST_0022,2025-08-01,42.69
INV_372158,CUST_0753,2025-09-29,11.18
INV_590238,CUST_0938,2025-07-21,8.44
INV_169087,CUST_0254,2025-01-09,21.59
INV_843859,CUST_0010,2025-08-02,21.37
INV_242180,CUST_0111,2025-06-02,13.76
INV_535928,CUST_0102,2025-08-29,39.96
INV_457246,CUST_0563,2025-10-19,169.08
INV_488518,CUST_0088,2025-07-13,61.26
INV_165942,CUST_0891,2025-07-17,121.72
INV_622552,CUST_0378,2025-06-16,93.01
INV_446184,CUST_0593,2025-09-08,9.9
INV_142291,CUST_0141,2025-03-11,25.9
INV_403664,CUST_0245,2025-01-03,13.19
INV_808672,CUST_0076,2025-06-24,33.22
INV_229887,CUST_0849,2025-09-28,39.3
INV_595010,CUST_0128,2025-12-05,76.08
INV_281517,CUST_0488,2025-03-19,62.24
INV_713079,CUST_0674,2025-07-08,12.12
INV_576128,CUST_0315,2025-12-05,62.62
INV_773984,CUST_0945,2025-06-17,9.89
INV_461447,CUST_0453,2025-10-10,37.12
INV_420146,CUST_0525,2025-08-28,79.93
INV_363625,CUST_0716,2025-03-21,13.86
INV_225355,CUST_0089,2025-05-28,58.38
INV_510482,CUST_0151,2025-01-02,99.8
INV_607831,CUST_0313,2025-11-24,20.47
INV_448754,CUST_0375,2025-04-24,87.99
INV_434971,CUST_0179,2025-07-29,20.3
INV_345300,CUST_0993,2025-04-23,8.4
INV_872997,CUST_0331,2025-10-10,31.37
INV_254692,CUST_0097,2025-01-05,66.87
INV_870097,CUST_0118,2025-02-28,27.29
INV_484890,CUST_0880,2025-01-19,58.43
INV_597952,CUST_0450,2025-02-16,29.12
INV_967918,CUST_0141,2025-03-25,57.59
INV_583455,CUST_0215,2025-01-14,75.84
INV_351671,CUST_0822,2025-09-05,216.39
INV_719064,CUST_0338,2025-11-15,32.96
INV_329577,CUST_0392,2025-08-06,34.41
INV_195556,CUST_0017,2025-11-18,166.32
INV_606961,CUST_0412,2025-11-14,43.99
INV_390374,CUST_0474,2025-08-07,40.5
INV_835010,CUST_0387,2025-09-23,40.23
INV_176361,CUST_0208,2025-01-02,22.75
INV_722006,CUST_0166,2025-01-22,14.49
INV_130949,CUST_0295,2025-08-07,11.04
INV_819979,CUST_0020,2025-02-10,11.85
INV_771553,CUST_0403,2025-03-25,11.85
INV_837090,CUST_0414,2025-11-05,8.19
INV_112360,CUST_0134,2025-07-26,44.82
INV_801160,CUST_0481,2025-12-18,49.87
INV_380833,CUST_0443,2025-04-10,20.42
INV_573048,CUST_0413,2025-03-06,13.1
INV_989493,CUST_0266,2025-11-05,137.8
INV_461719,CUST_0947,2025-02-17,7.8
INV_874168,CUST_0790,2025-12-22,61.85
INV_838096,CUST_0284,2025-10-28,46.85
INV_206121,CUST_0137,2025-06-13,133.84
INV_375049,CUST_0420,2025-03-14,89.91
INV_957253,CUST_0928,2025-10-15,18.37
INV_702801,CUST_0657,2025-11-26,7.88
INV_359480,CUST_0419,2025-09-01,69.59
INV_233498,CUST_0924,2025-09-28,83.98
INV_104138,CUST_0073,2025-09-05,19.21
INV_896883,CUST_0377,2025-02-10,19.97
INV_143764,CUST_0493,2025-06-17,55.26
INV_416462,CUST_0151,2025-04-21,67.9
INV_333540,CUST_0575,2025-08-13,18.36
INV_960220,CUST_0299,2025-10-17,10.41
INV_186346,CUST_0946,2025-11-14,49.5
INV_216214,CUST_0528,2025-12-04,28.45
INV_498499,CUST_0650,2025-12-04,81.08
INV_472397,CUST_0443,2025-11-15,42.86
INV_634391,CUST_0387,2025-12-24,68.62
INV_182409,CUST_0603,2025-08-26,23.01
INV_779530,CUST_0721,2025-03-14,17.89
INV_274875,CUST_0857,2025-10-22,21.59
INV_511473,CUST_0865,2025-07-01,95.92
INV_616540,CUST_0568,2025-07-06,34.76
INV_731525,CUST_0570,2025-12-29,53.22
INV_105668,CUST_0680,2025-04-24,54.65
INV_444126,,2025-04-02,31.97
INV_834412,CUST_0662,2025-05-19,48.6
INV_201948,CUST_0772,2025-08-02,38.93
INV_393851,CUST_0875,2025-11-06,8.79
INV_113261,CUST_0207,2025-05-09,72.56
INV_953605,CUST_0934,2025-08-30,31.15
INV_870692,CUST_0038,2025-12-07,15.37
INV_524390,CUST_0714,2025-12-14,56.61
INV_771314,CUST_0963,2025-04-19,86.32
INV_102187,CUST_0803,2025-03-10,7.86
INV_758966,CUST_0444,2025-10-10,40.06
INV_900819,CUST_0665,2025-10-04,68.56
INV_865791,CUST_0856,2025-06-02,86.74
INV_181257,CUST_0389,2025-02-05,52.51
INV_123408,CUST_0314,2025-10-22,19.37
INV_737938,CUST_0213,2025-11-13,29.95
INV_593992,CUST_0109,2025-02-04,26.81
INV_176240,CUST_0630,2025-09-18,58.35
INV_290920,,2025-11-09,8.1
INV_332076,CUST_0285,2025-08-27,57.89
INV_609551,CUST_0672,2025-02-15,29.36
INV_267527,CUST_0919,2025-02-14,15.63
INV_769277,CUST_0597,2025-05-14,77.61
INV_469360,CUST_0662,2025-09-03,11.43
INV_403602,CUST_0638,2025-08-23,66.82
INV_619163,CUST_0974,2025-05-02,27.18
INV_472251,CUST_0115,2025-06-11,40.46
INV_431310,CUST_0011,2025-07-25,15.72
INV_407086,CUST_0758,2025-05-07,19.51
INV_894760,CUST_0382,2025-06-01,50.61
INV_673458,CUST_0175,2025-10-16,32.71
INV_858761,CUST_0195,2025-11-26,31.39
INV_811413,CUST_0449,2025-12-20,31.39
INV_788332,CUST_0897,2025-04-03,41.72
INV_307772,CUST_0560,2025-09-02,13.11
INV_433840,CUST_0295,2025-05-08,184.53
INV_817104,CUST_0071,2025-09-26,29.88
INV_211718,CUST_0451,2025-01-07,74.22
INV_243888,CUST_0821,2025-07-12,8.32
INV_787490,CUST_0171,2025-01-25,57.83
INV_766015,CUST_0207,2025-01-29,52.05
INV_336187,CUST_0794,2025-05-24,7.95
INV_526488,CUST_0073,2025-04-30,70.36
INV_912395,CUST_0598,2025-12-02,17.74
INV_625005,CUST_0947,2025-04-28,78.06
INV_218696,CUST_0413,2025-12-05,84.82
INV_169300,CUST_0429,2025-09-28,35.76
INV_647473,CUST_0942,2025-01-30,54.46
INV_757941,CUST_0435,2025-02-17,17.99
INV_794119,CUST_0518,2025-07-23,16.52
INV_635352,CUST_0292,2025-12-01,10.6
INV_892908,CUST_0049,2025-06-22,34.44
INV_800636,CUST_0557,2025-12-01,19.35
INV_703986,CUST_0635,2025-08-22,24.93
INV_145095,CUST_0003,2025-07-01,66.29
INV_517339,CUST_0059,2025-03-03,28.61
INV_209162,CUST_0884,2025-11-27,55.62
INV_395809,CUST_0096,2025-12-13,28.96
INV_901115,CUST_0062,2025-09-13,37.27
INV_799895,CUST_0671,2025-05-04,12.01
INV_776999,CUST_0719,2025-02-17,10.59
INV_431119,CUST_0201,2025-09-07,43.24
INV_898009,CUST_0429,2025-11-14,80.61
INV_583007,CUST_0500,2025-07-28,8.16
INV_660219,CUST_0044,2025-01-29,29.49
INV_208944,CUST_0265,2025-08-08,29.8
INV_347572,CUST_0400,2025-08-03,49.35
INV_930948,CUST_0576,2025-12-12,106.47
INV_290121,CUST_0757,2025-03-03,15.16
INV_554151,CUST_0445,2025-09-26,63.64
INV_795532,CUST_0616,2025-02-28,16.73
INV_735274,CUST_0955,2025-04-04,98.84
INV_577697,CUST_0207,2025-12-02,11.1
INV_107485,CUST_0178,2025-12-12,34.47
INV_726926,,2025-03-03,60.55
INV_909020,CUST_0195,2025-06-15,69.57
INV_361497,CUST_0129,2025-06-22,86.17
INV_258598,CUST_0622,2025-09-26,55.35
INV_592750,CUST_0790,2025-03-15,56.31
INV_474743,CUST_0388,2025-10-06,191.67
INV_915495,CUST_0340,2025-12-23,69.5
INV_967196,CUST_0769,2025-06-14,21.02
INV_994468,CUST_0405,2025-04-06,20.05
INV_447823,CUST_0828,2025-04-30,95.37
INV_867674,CUST_0902,2025-08-05,110.19
INV_702566,CUST_0504,2025-08-20,67.47
INV_721825,CUST_0104,2025-03-18,86.04
INV_317980,CUST_0264,2025-11-27,82.88
INV_586675,CUST_0768,2025-02-07,11.99
INV_436986,CUST_0652,2025-10-26,129.52
INV_399372,CUST_0480,2025-03-02,95.34
INV_422959,CUST_0859,2025-06-12,45.6
INV_998035,CUST_0253,2025-09-26,13.77
INV_125525,CUST_0459,2025-07-06,92.62
INV_606453,CUST_0971,2025-10-31,24.34
INV_607235,CUST_0166,2025-04-24,62.61
INV_707466,CUST_0928,2025-07-02,89.16
INV_186724,CUST_0442,2025-12-21,132.93
INV_700600,CUST_0853,2025-05-05,47.29
INV_501426,CUST_0068,2025-03-02,53.27
INV_596915,CUST_0683,2025-03-15,14.21
INV_892173,CUST_0048,2025-07-30,98.76
INV_168798,CUST_0994,2025-07-02,50.87
INV_130257,CUST_0315,2025-02-20,33.84
INV_152691,CUST_0900,2025-09-03,80.93
INV_849450,CUST_0678,2025-01-14,9.97
INV_425329,CUST_0189,2025-06-04,58.43
INV_595236,CUST_0888,2025-03-16,15.74
INV_965256,CUST_0343,2025-02-28,61.25
INV_958950,CUST_0182,2025-12-05,69.49
INV_362091,CUST_0260,2025-07-12,16.39
INV_229744,CUST_0406,2025-08-02,46.51
INV_497745,,2025-05-22,10.31
INV_186795,CUST_0112,2025-02-28,61.62
INV_343877,CUST_0296,2025-04-28,59.58
INV_236285,CUST_0643,2025-06-05,37.67
INV_774533,CUST_0013,2025-11-18,45.75
INV_470250,CUST_0834,2025-10-19,11.18
INV_114995,,2025-12-30,27.23
INV_498237,CUST_0008,2025-01-29,32.27
INV_925782,CUST_0721,2025-05-08,50.61
INV_576111,CUST_0144,2025-11-14,48.37
INV_945978,CUST_0045,2025-08-27,59.26
INV_744606,CUST_0181,2025-08-03,22.69
INV_740233,CUST_0073,2025-06-28,8.87
INV_508376,CUST_0465,2025-08-27,49.08
INV_693629,CUST_0264,2025-07-26,92.09
INV_490452,CUST_0366,2025-10-03,26.71
INV_135903,CUST_0631,2025-09-25,83.92
INV_612493,CUST_0810,2025-12-16,23.94
INV_528395,CUST_0523,2025-04-08,10.82
INV_300753,CUST_0570,2025-10-17,36.49
INV_145619,CUST_0358,2025-08-04,12.29
INV_165149,CUST_0783,2025-03-25,170.16
INV_306903,CUST_0808,2025-03-13,33.57
INV_387623,CUST_0919,2025-12-26,17.95
INV_969001,CUST_0093,2025-12-16,8.43
INV_813340,CUST_0039,2025-01-28,27.26
INV_897781,CUST_0013,2025-02-05,18.14
INV_374597,CUST_0516,2025-08-11,74.99
INV_934325,CUST_0383,2025-12-10,15.07
INV_855675,CUST_0642,2025-01-31,23.71
INV_669829,CUST_0302,2025-04-06,15.13
INV_971535,CUST_0266,2025-05-08,14.5
INV_578454,CUST_0828,2025-12-09,11.36
INV_876372,CUST_0735,2025-11-09,64.02
INV_755244,CUST_0184,2025-08-14,35.1
INV_416363,CUST_0089,2025-06-25,43.16
INV_877022,CUST_0936,2025-04-16,24.45
INV_201407,CUST_0503,2025-06-16,44.71
INV_521594,CUST_0393,2025-02-09,28.4
INV_311144,CUST_0981,2025-03-23,36.14
INV_510834,CUST_0447,2025-11-28,37.2
INV_775887,CUST_0444,2025-11-23,13.1
INV_868223,CUST_0018,2025-10-22,34.73
INV_953220,CUST_0830,2025-12-31,143.63
INV_626169,CUST_0390,2025-03-18,46.46
INV_188059,CUST_0270,2025-04-05,30.7
INV_298303,CUST_0551,2025-03-13,28.45
INV_181972,CUST_0187,2025-07-10,45.57
INV_217473,CUST_0734,2025-05-11,16.59
INV_958823,CUST_0720,2025-04-06,125.35
INV_256877,CUST_0247,2025-03-13,28.38
INV_900511,CUST_0544,2025-04-09,133.28
INV_744894,CUST_0699,2025-03-17,44.12
INV_775160,CUST_0349,2025-09-12,26.04
INV_307609,CUST_0127,2025-10-14,18.58
INV_889417,CUST_0596,2025-01-13,51.46
INV_624624,CUST_0626,2025-10-03,28.76
INV_203751,CUST_0950,2025-09-30,23.16
INV_436199,CUST_0731,2025-04-19,137.75
INV_547244,CUST_0776,2025-11-11,19.74
INV_433272,CUST_0935,2025-08-17,35.76
INV_831893,CUST_0701,2025-09-29,50.48
INV_794879,CUST_0722,2025-10-13,355.06
INV_537585,CUST_0498,2025-08-09,62.91
INV_540980,CUST_0781,2025-06-20,8.89
INV_867442,CUST_0624,2025-02-24,54.31
INV_479593,CUST_0628,2025-05-23,116.16
INV_746045,CUST_0364,2025-02-22,9.82
INV_396629,CUST_0417,2025-11-09,33.45
INV_409066,CUST_0367,2025-01-01,79.04
INV_331182,CUST_0098,2025-07-27,19.7
INV_809560,CUST_0140,2025-08-25,12.82
INV_392107,CUST_0904,2025-03-13,122.51
INV_116061,CUST_0321,2025-04-17,80.25
INV_737790,CUST_0883,2025-05-19,45.32
INV_550983,CUST_0273,2025-08-09,94.86
INV_113233,CUST_0407,2025-02-25,29.55
INV_728423,CUST_0614,2025-07-11,32.88
INV_254455,CUST_0233,2025-08-15,31.9
INV_715486,CUST_0817,2025-05-29,154.06
INV_634522,CUST_0104,2025-12-05,53.11
INV_816773,CUST_0273,2025-01-06,58.56
INV_484370,CUST_0028,2025-02-07,139.82
INV_483152,CUST_0244,2025-03-09,26.91
INV_231379,CUST_0299,2025-06-13,156.3
INV_985987,,2025-10-15,42.74
INV_580441,CUST_0247,2025-07-07,215.23
INV_851287,CUST_0252,2025-12-21,14.41
INV_880734,CUST_0796,2025-07-29,223.1
INV_120389,CUST_0460,2025-07-27,34.63
INV_837463,CUST_0492,2025-05-17,19.85
INV_352557,CUST_0588,2025-10-14,14.84
INV_892130,CUST_0749,2025-01-25,117.5
INV_961465,CUST_0250,2025-04-28,56.3
INV_370146,CUST_0916,2025-12-26,46.31
INV_644026,CUST_0152,2025-01-05,12.99
INV_292971,CUST_0464,2025-04-23,7.81
INV_441678,CUST_0105,2025-06-30,20.41
INV_702251,CUST_0162,2025-12-17,27.36
INV_692054,CUST_0471,2025-05-12,24.45
INV_366909,CUST_0368,2025-05-09,33.6
INV_695376,CUST_0899,2025-05-29,32.79
INV_980096,CUST_0628,2025-08-02,16.07
INV_927385,CUST_0884,2025-10-21,59.08
INV_567927,CUST_0250,2025-10-29,52.51
INV_992015,CUST_0889,2025-03-11,112.22
INV_607994,CUST_0364,2025-10-30,8.19
INV_954741,CUST_0530,2025-05-29,84.91
INV_549777,CUST_0872,2025-05-31,61.63
INV_680086,CUST_0138,2025-12-11,136.14
INV_548377,CUST_0203,2025-03-02,75.63
INV_343767,CUST_0237,2025-06-30,35.56
INV_963428,CUST_0443,2025-08-25,47.08
INV_517216,CUST_0585,2025-02-28,48.16
INV_892330,CUST_0360,2025-07-07,50.68
INV_789753,CUST_0988,2025-04-18,12.4
INV_741480,CUST_0717,2025-08-08,192.38
INV_445783,CUST_0615,2025-08-11,76.06
INV_232659,CUST_0495,2025-06-11,9.82
INV_972999,CUST_0857,2025-03-17,40.87
INV_915864,CUST_0613,2025-04-21,45.95
INV_367598,CUST_0191,2025-07-01,110.11
INV_147111,CUST_0209,2025-01-22,36.7
INV_880277,CUST_0702,2025-06-24,9.89
INV_702960,CUST_0602,2025-05-21,11.48
INV_161602,CUST_0496,2025-03-19,117.33
INV_341084,CUST_0366,2025-01-14,29.08
INV_149420,CUST_0655,2025-11-06,72.07
INV_764635,CUST_0753,2025-09-02,17.78
INV_222672,CUST_0006,2025-07-16,129.64
INV_517582,CUST_0407,2025-08-05,48.92
INV_561370,CUST_0005,2025-01-20,20.43
INV_860592,CUST_0448,2025-08-30,167.06
INV_553510,CUST_0249,2025-01-14,91.35
INV_112306,CUST_0384,2025-02-13,13.07
INV_713712,CUST_0575,2025-08-27,56.28
INV_735311,CUST_0419,2025-04-10,58.97
INV_909340,CUST_0044,2025-12-26,24.83
INV_793312,CUST_0145,2025-11-23,20.77
INV_816741,CUST_0355,2025-10-15,69.89
INV_270863,CUST_0826,2025-05-08,55.8
INV_854471,CUST_0463,2025-08-27,22.79
INV_818013,CUST_0187,2025-07-27,86.53
INV_872332,CUST_0388,2025-12-12,15.79
INV_390951,CUST_0194,2025-10-14,12.03
INV_573288,CUST_0792,2025-09-28,66.67
INV_811238,CUST_0487,2025-02-14,88.99
INV_789129,CUST_0504,2025-12-30,119.19
INV_381373,CUST_0125,2025-11-09,22.64
INV_924516,CUST_0458,2025-08-18,41.6
INV_341249,CUST_0885,2025-08-09,30.35
INV_110589,CUST_0171,2025-06-22,55.79
INV_925963,CUST_0902,2025-05-02,19.68
INV_927679,CUST_0004,2025-04-03,118.46
INV_564761,CUST_0618,2025-05-26,20.42
INV_600741,CUST_0608,2025-08-17,111.83
INV_956874,CUST_0624,2025-11-19,86.84
INV_683107,CUST_0401,2025-04-06,159.33
INV_159807,,2025-10-24,18.16
INV_382579,CUST_0726,2025-10-18,139.48
INV_520602,CUST_0150,2025-09-04,21.41
INV_865197,CUST_0515,2025-11-12,17.05
INV_328584,CUST_0225,2025-01-18,13.27
INV_771868,CUST_0841,2025-10-06,10.56
INV_408479,CUST_0175,2025-03-10,24.02
INV_659073,CUST_0727,2025-01-30,74.88
INV_971448,,2025-09-05,31.87
INV_261081,CUST_0586,2025-07-25,65.47
INV_519149,CUST_0606,2025-05-07,8.25
INV_732585,CUST_0355,2025-04-26,25.9
INV_140149,CUST_0099,2025-01-11,87.28
INV_105695,CUST_0685,2025-07-28,19.35
INV_780913,CUST_0258,2025-11-28,9.15
INV_810386,CUST_0054,2025-11-27,32.01
INV_409509,CUST_0530,2025-07-06,46.89
INV_403342,CUST_0953,2025-12-30,24.44
INV_327203,CUST_0304,2025-10-25,47.44
INV_498138,CUST_0999,2025-09-03,42.86
INV_918438,CUST_0923,2025-10-10,45.07
INV_511659,CUST_0703,2025-03-04,9.84
INV_539358,CUST_0141,2025-09-11,15.53
INV_411385,CUST_0253,2025-10-19,84.0
INV_323068,CUST_0720,2025-10-19,34.41
INV_980278,CUST_0175,2025-03-17,22.74
INV_204428,CUST_0400,2025-09-27,70.33
INV_841570,CUST_0180,2025-05-04,71.55
INV_220243,CUST_0911,2025-08-16,60.76
INV_122692,CUST_0787,2025-04-16,18.03
INV_441651,CUST_0027,2025-11-07,15.02
INV_103969,CUST_0281,2025-11-22,26.65
INV_270948,CUST_0918,2025-08-12,58.73
INV_658866,CUST_0950,2025-12-22,47.06
INV_731613,CUST_0471,2025-02-03,17.17
INV_756051,CUST_0886,2025-08-09,26.53
INV_835122,CUST_0948,2025-11-25,19.26
INV_688216,CUST_0550,2025-03-11,101.12
INV_627409,CUST_0148,2025-01-09,42.99
INV_778525,CUST_0850,2025-01-05,15.15
INV_216547,CUST_0587,2025-06-14,11.35
INV_744905,CUST_0989,2025-10-27,11.31
INV_497891,,2025-04-16,39.11
INV_831576,CUST_0147,2025-06-08,55.97
INV_388350,CUST_0853,2025-07-08,53.21
INV_347667,CUST_0181,2025-10-15,50.97
INV_452215,CUST_0138,2025-05-10,50.9
INV_582605,CUST_0785,2025-12-18,93.04
INV_656119,CUST_0423,2025-09-02,32.77
INV_474169,CUST_0129,2025-12-07,75.54
INV_111984,CUST_0879,2025-11-02,20.66
INV_587387,CUST_0225,2025-12-14,17.26
INV_851209,CUST_0181,2025-04-16,78.04
INV_734151,CUST_0792,2025-09-17,12.38
INV_402274,CUST_0818,2025-06-20,156.87
INV_115216,CUST_0012,2025-07-14,58.28
INV_803803,CUST_0182,2025-11-01,59.13
INV_464315,CUST_0694,2025-01-30,28.87
INV_919497,CUST_0793,2025-04-06,19.04
INV_134152,CUST_0808,2025-08-13,51.68
INV_248725,CUST_0374,2025-02-11,20.51
INV_448627,CUST_0720,2025-08-25,49.41
INV_456687,CUST_0754,2025-12-29,12.92
INV_738273,CUST_0162,2025-06-09,36.8
INV_145256,,2025-03-14,35.68
INV_186803,,2025-12-18,81.47
INV_312603,CUST_0039,2025-03-01,75.12
INV_869217,CUST_0676,2025-06-08,81.19
INV_656371,CUST_0285,2025-01-15,106.98
INV_349737,CUST_0125,2025-12-25,38.72
INV_290167,CUST_0622,2025-11-30,89.92
INV_514027,CUST_0910,2025-06-11,119.65
INV_238261,CUST_0150,2025-02-05,221.8
INV_605187,CUST_0206,2025-05-07,61.35
INV_651852,CUST_0440,2025-08-05,24.06
INV_829282,CUST_0164,2025-05-28,138.78
INV_606554,CUST_0663,2025-12-31,21.78
INV_957549,CUST_0965,2025-05-29,52.7
INV_289327,CUST_0743,2025-07-25,66.22
INV_965990,CUST_0337,2025-03-28,44.1
INV_881712,CUST_0558,2025-10-15,83.05
INV_657665,CUST_0681,2025-11-06,120.27
INV_647670,CUST_0773,2025-04-19,108.61
INV_334318,CUST_0616,2025-09-13,75.6
INV_747952,CUST_0043,2025-12-19,8.12
INV_347997,CUST_0476,2025-03-24,14.72
INV_581530,CUST_0983,2025-10-15,93.22
INV_673212,CUST_0724,2025-10-18,110.57
INV_966220,CUST_0326,2025-04-05,29.01
INV_387360,CUST_0837,2025-08-07,19.87
INV_671302,CUST_0724,2025-12-09,11.3
INV_114389,CUST_0566,2025-12-10,30.84
INV_937165,CUST_0730,2025-01-16,251.36
INV_713812,CUST_0963,2025-07-12,24.86
INV_718396,CUST_0111,2025-05-09,30.69
INV_416527,CUST_0852,2025-11-22,47.88
INV_752962,CUST_0947,2025-06-10,52.53
INV_838924,CUST_0709,2025-12-30,60.7
INV_771986,CUST_0276,2025-03-14,80.86
INV_419658,CUST_0787,2025-04-12,11.87
INV_773243,CUST_0653,2025-07-07,73.15
INV_554485,CUST_0052,2025-04-21,50.7
INV_209767,CUST_0043,2025-07-30,19.03
INV_591818,CUST_0810,2025-12-12,12.65
INV_710514,CUST_0077,2025-05-17,11.55
INV_285550,CUST_0752,2025-02-08,174.36
INV_836778,CUST_0991,2025-09-24,53.2
INV_535647,CUST_0806,2025-04-08,38.52
INV_576379,CUST_0902,2025-08-18,55.12
INV_625754,CUST_0577,2025-12-21,82.22
INV_603100,CUST_0052,2025-09-20,53.6
INV_721195,CUST_0324,2025-06-03,73.72
INV_882381,CUST_0939,2025-02-20,116.53
INV_453548,CUST_0821,2025-03-29,123.53
INV_640277,CUST_0601,2025-04-28,23.74
INV_442022,CUST_0260,2025-03-16,127.58
INV_785493,CUST_0366,2025-05-02,31.42
INV_706954,,2025-10-06,24.72
INV_207573,CUST_0367,2025-11-09,28.86
INV_348141,CUST_0541,2025-12-19,39.23
INV_684642,CUST_0547,2025-10-13,38.63
INV_398076,CUST_0720,2025-08-26,27.21
INV_232018,CUST_0685,2025-03-20,34.57
INV_696543,CUST_0358,2025-04-16,50.33
INV_361439,CUST_0246,2025-09-01,30.26
INV_459701,CUST_0087,2025-08-05,134.48
INV_522217,CUST_0849,2025-07-29,17.41
INV_932307,CUST_0650,2025-11-02,30.6
INV_461659,CUST_0673,2025-01-01,15.48
INV_489546,CUST_0930,2025-01-04,67.15
INV_163965,CUST_0502,2025-08-06,18.39
INV_193948,CUST_0178,2025-07-08,46.22
INV_867610,CUST_0920,2025-10-19,42.47
INV_817176,CUST_0811,2025-10-10,47.93
INV_782511,CUST_0658,2025-06-05,23.31
INV_996030,CUST_0355,2025-02-16,99.29
INV_236109,CUST_0260,2025-01-17,40.87
INV_475325,CUST_0986,2025-02-08,38.92
INV_171947,CUST_0670,2025-10-05,36.65
INV_653214,CUST_0222,2025-10-19,76.35
INV_673881,CUST_0455,2025-09-10,13.48
INV_499749,CUST_0858,2025-03-28,25.23
INV_741621,CUST_0582,2025-02-13,9.35
INV_239005,CUST_0019,2025-04-11,32.22
INV_429760,CUST_0357,2025-01-30,57.7
INV_150013,CUST_0970,2025-08-17,76.86
INV_863638,CUST_0155,2025-09-03,11.55
INV_780206,CUST_0541,2025-06-10,45.15
INV_116555,,2025-06-29,8.6
INV_355658,CUST_0950,2025-10-01,48.67
INV_191321,CUST_0722,2025-08-24,70.27
INV_851993,CUST_0929,2025-12-30,9.73
INV_389987,,2025-03-09,17.51
INV_773217,CUST_0881,2025-04-08,79.88
INV_417942,CUST_0172,2025-05-14,35.74
INV_882479,CUST_0185,2025-03-26,31.56
INV_223099,CUST_0863,2025-06-16,49.31
INV_207449,CUST_0179,2025-04-29,36.78
INV_577910,CUST_0429,2025-05-30,10.26
INV_439386,CUST_0197,2025-02-11,22.49
INV_218542,CUST_0330,2025-09-08,56.92
INV_670706,CUST_0967,2025-05-03,15.53
INV_566978,CUST_0778,2025-12-14,20.1
INV_197628,CUST_0518,2025-04-21,94.34
INV_251542,CUST_0147,2025-03-08,29.21
INV_142674,CUST_0122,2025-12-06,36.45
INV_897711,CUST_0597,2025-02-14,43.76
INV_153051,CUST_0333,2025-07-14,102.18
INV_368614,CUST_0334,2025-11-29,12.92
INV_855477,CUST_0015,2025-11-23,9.53
INV_851616,CUST_0408,2025-04-23,54.18
INV_742416,CUST_0266,2025-07-27,90.58
INV_519515,CUST_0985,2025-11-02,15.88
INV_202166,CUST_0666,2025-11-30,20.2
INV_126026,,2025-05-14,59.39
INV_427210,CUST_0025,2025-01-18,125.93
INV_259163,CUST_0846,2025-10-11,11.09
INV_719674,CUST_0319,2025-04-02,53.7
INV_705151,CUST_0672,2025-04-21,31.52
INV_444877,CUST_0468,2025-08-08,25.88
INV_355493,CUST_0249,2025-11-19,162.11
INV_446717,CUST_0976,2025-10-07,24.55
INV_931635,CUST_0429,2025-09-26,15.86
INV_338657,CUST_0118,2025-12-04,79.37
INV_404958,CUST_0970,2025-10-28,36.5
INV_955754,CUST_0588,2025-04-24,51.97
INV_270521,CUST_0147,2025-02-04,25.18
INV_306251,CUST_0750,2025-01-14,87.4
INV_877130,CUST_0728,2025-08-21,52.33
INV_468117,CUST_0887,2025-08-02,16.48
INV_914811,CUST_0275,2025-12-04,82.34
INV_769211,CUST_0860,2025-07-06,28.44
INV_301904,CUST_0891,2025-06-29,98.09
INV_302210,,2025-04-09,14.29
INV_967965,,2025-03-21,58.18
INV_800399,CUST_0343,2025-11-06,10.25
INV_294795,CUST_0419,2025-06-22,13.92
INV_355719,CUST_0439,2025-08-02,102.76
INV_510226,CUST_0085,2025-03-06,27.19
INV_858678,CUST_0064,2025-12-09,37.26
INV_103729,,2025-06-07,133.11
INV_459014,CUST_0855,2025-08-13,55.51
INV_728177,CUST_0919,2025-12-13,45.51
INV_510281,CUST_0088,2025-10-30,8.65
INV_618490,CUST_0135,2025-02-19,9.49
INV_134924,CUST_0646,2025-12-13,60.93
INV_102159,CUST_0825,2025-10-14,17.3
INV_816435,CUST_0813,2025-03-18,33.64
INV_865328,CUST_0101,2025-09-03,31.94
INV_724773,CUST_0028,2025-01-25,24.79
INV_100901,CUST_0331,2025-09-06,20.0
INV_392007,CUST_0941,2025-03-16,47.06
INV_826546,CUST_0771,2025-12-21,10.33
INV_663543,CUST_0146,2025-08-29,27.7
INV_122499,CUST_0749,2025-02-04,109.6
INV_243704,CUST_0153,2025-05-06,46.23
INV_294454,CUST_0912,2025-08-14,51.87
INV_957586,CUST_0723,2025-01-25,69.86
INV_399488,CUST_0841,2025-05-09,25.35
INV_232534,CUST_0930,2025-12-02,17.47
INV_337612,CUST_0402,2025-02-03,33.27
INV_900607,CUST_0646,2025-01-21,32.52
INV_835518,CUST_0873,2025-02-17,16.28
INV_616369,CUST_0010,2025-01-30,63.97
INV_523240,CUST_0956,2025-03-29,30.51
INV_953159,,2025-01-15,29.56
INV_683043,CUST_0521,2025-04-19,79.62
INV_237080,CUST_0209,2025-09-29,25.71
INV_690611,CUST_0820,2025-03-10,35.11
INV_791804,CUST_0079,2025-05-26,105.19
INV_902121,CUST_0525,2025-09-17,268.16
INV_362210,CUST_0189,2025-04-05,13.92
INV_825512,CUST_0496,2025-07-10,19.32
INV_733316,CUST_0990,2025-04-27,7.54
INV_350231,CUST_0509,2025-10-25,95.69
INV_550043,CUST_0653,2025-09-25,27.34
INV_355733,CUST_0073,2025-11-04,39.8
INV_290271,CUST_0824,2025-03-01,18.09
INV_799597,CUST_0487,2025-12-07,130.19
INV_117118,CUST_0986,2025-06-28,105.33
INV_102795,CUST_0089,2025-10-14,159.19
INV_622904,CUST_0183,2025-07-28,16.57
INV_232201,CUST_0013,2025-05-02,46.01
INV_144130,CUST_0375,2025-03-11,28.08
INV_519007,CUST_0594,2025-03-16,54.13
INV_609394,CUST_0325,2025-08-02,30.89
INV_413559,CUST_0894,2025-11-14,76.33
INV_101515,CUST_0361,2025-11-20,78.83
INV_942672,CUST_0951,2025-02-04,91.72
INV_869565,CUST_0467,2025-12-24,53.67
INV_485134,CUST_0467,2025-11-01,10.4
INV_306555,CUST_0232,2025-06-28,20.36
INV_872268,CUST_0592,2025-03-24,101.25
INV_110785,CUST_0973,2025-01-07,95.09
INV_958326,CUST_0548,2025-01-06,60.25
INV_363606,CUST_0134,2025-10-12,25.4
INV_410809,CUST_0849,2025-06-23,54.2
INV_994235,,2025-04-25,23.94
INV_499437,,2025-03-16,96.43
INV_252117,CUST_0947,2025-03-31,11.46
INV_867303,CUST_0184,2025-12-25,70.21
INV_152949,CUST_0179,2025-10-03,22.88
INV_988704,CUST_0059,2025-11-23,13.85
INV_566933,CUST_0669,2025-07-10,11.35
INV_775573,CUST_0708,2025-02-04,100.38
INV_675194,CUST_0237,2025-04-14,95.87
INV_955126,CUST_0464,2025-08-18,11.65
INV_450068,CUST_0553,2025-05-03,88.98
INV_921412,CUST_0929,2025-06-27,30.62
INV_511012,CUST_0699,2025-07-28,35.3
INV_220494,CUST_0560,2025-08-12,128.8
INV_591966,CUST_0446,2025-04-09,89.64
INV_738046,CUST_0368,2025-09-10,122.41
INV_925169,CUST_0785,2025-01-24,14.25
INV_594670,CUST_0050,2025-07-25,25.26
INV_221635,CUST_0582,2025-01-27,58.66
INV_803022,CUST_0247,2025-09-21,60.96
INV_318599,CUST_0973,2025-12-27,13.89
INV_691731,CUST_0352,2025-07-08,14.25
INV_202478,CUST_0753,2025-09-26,174.92
INV_254721,CUST_0236,2025-11-30,26.48
INV_907461,CUST_0082,2025-07-11,39.4
INV_623472,CUST_0014,2025-12-13,20.44
INV_557820,CUST_0357,2025-03-30,48.21
INV_769986,CUST_0340,2025-03-26,31.3
INV_987935,CUST_0485,2025-09-29,93.85
INV_807062,CUST_0625,2025-09-30,22.09
INV_330881,CUST_0130,2025-05-12,39.87
INV_974820,CUST_0862,2025-03-22,253.07
INV_934354,CUST_0069,2025-05-28,7.57
INV_166985,CUST_0617,2025-06-14,17.78
INV_987395,CUST_0697,2025-11-18,7.51
INV_987457,CUST_0342,2025-11-16,22.37
INV_753841,CUST_0439,2025-06-06,13.27
INV_467747,CUST_0327,2025-04-07,62.52
INV_396618,CUST_0260,2025-05-05,26.8
INV_634633,CUST_0059,2025-02-01,63.36
INV_610269,CUST_0105,2025-08-16,119.96
INV_864777,CUST_0464,2025-10-17,9.99
INV_570455,CUST_0472,2025-02-25,51.6
INV_493444,CUST_0018,2025-07-01,26.28
INV_146032,CUST_0171,2025-10-22,83.45
INV_723090,CUST_0079,2025-05-26,97.96
INV_529763,CUST_0798,2025-09-07,41.95
INV_441609,CUST_0835,2025-03-12,37.21
INV_226457,CUST_0775,2025-10-23,22.25
INV_566995,CUST_0193,2025-03-09,225.54
INV_617965,CUST_0882,2025-12-29,21.48
INV_893897,CUST_0521,2025-09-08,25.25
INV_840479,CUST_0435,2025-07-03,84.38
INV_952208,CUST_0532,2025-11-24,24.06
INV_554598,CUST_0369,2025-01-24,42.21
INV_304603,CUST_0083,2025-11-15,10.35
INV_840885,CUST_0611,2025-03-03,28.78
INV_552082,CUST_0459,2025-07-31,81.73
INV_244926,CUST_0425,2025-02-11,12.58
INV_665369,CUST_0158,2025-04-22,63.03
INV_428910,CUST_0273,2025-10-21,24.88
INV_790038,CUST_0110,2025-10-05,64.45
INV_124354,,2025-02-26,10.79
INV_135525,CUST_0114,2025-11-04,97.5
INV_679802,CUST_0933,2025-11-17,147.5
INV_886492,CUST_0789,2025-01-16,15.82
INV_443003,CUST_0054,2025-06-17,18.24
INV_196426,CUST_0065,2025-04-10,130.36
INV_104011,CUST_0273,2025-07-06,106.09
INV_532941,CUST_0693,2025-11-23,39.03
INV_874751,CUST_0452,2025-07-25,42.89
INV_124700,CUST_0659,2025-01-02,15.75
INV_406024,CUST_0081,2025-05-20,79.13
INV_831636,CUST_0340,2025-05-09,15.12
INV_313893,CUST_0058,2025-07-17,78.4
INV_367673,CUST_0045,2025-04-07,9.33
INV_238009,CUST_0461,2025-12-01,145.7
INV_649567,CUST_0097,2025-02-05,16.38
INV_213793,CUST_0219,2025-07-04,62.58
INV_633285,CUST_0567,2025-04-07,39.43
INV_365369,CUST_0631,2025-07-27,74.67
INV_987196,CUST_0547,2025-03-20,52.07
INV_816438,CUST_0546,2025-04-07,132.67
INV_221118,CUST_0583,2025-01-03,86.18
INV_410272,CUST_0594,2025-02-12,10.72
INV_266405,CUST_0573,2025-09-27,57.58
INV_235393,CUST_0103,2025-01-10,14.73
INV_696923,CUST_0670,2025-08-16,43.63
INV_867166,CUST_0209,2025-04-07,17.36
INV_595671,CUST_0682,2025-11-03,53.83
INV_243933,CUST_0720,2025-02-10,41.1
INV_300173,CUST_0667,2025-10-11,17.77
INV_974609,CUST_0187,2025-05-10,28.88
INV_238454,CUST_0199,2025-01-13,26.4
INV_539257,CUST_0444,2025-10-05,10.88
INV_931588,CUST_0993,2025-07-22,10.08
INV_161868,CUST_0176,2025-04-27,29.51
INV_760183,CUST_0344,2025-04-30,42.83
INV_913051,CUST_0229,2025-11-09,7.77
INV_785328,CUST_0318,2025-05-17,26.39
INV_512601,CUST_0117,2025-11-02,159.44
INV_964950,CUST_0715,2025-12-07,43.1
INV_739888,CUST_0925,2025-06-01,11.3
INV_133324,CUST_0274,2025-02-11,15.68
INV_349264,CUST_0082,2025-01-17,28.44
INV_336538,CUST_0157,2025-08-11,7.67
INV_294824,CUST_0404,2025-02-16,103.25
INV_213627,CUST_0205,2025-03-20,38.62
INV_179795,CUST_0997,2025-09-04,68.8
INV_238925,,2025-08-05,60.41
INV_750370,CUST_0092,2025-12-04,87.08
INV_786059,CUST_0450,2025-10-25,43.79
INV_324062,CUST_0929,2025-03-17,82.66
INV_846137,CUST_0643,2025-12-29,79.1
INV_419348,CUST_0355,2025-07-19,78.58
INV_795139,CUST_0630,2025-09-20,26.15
INV_764704,CUST_0912,2025-07-08,68.96
INV_839791,CUST_0561,2025-01-25,30.63
INV_309755,CUST_0144,2025-07-19,69.7
INV_537480,CUST_0134,2025-05-28,16.78
INV_800614,CUST_0334,2025-10-26,12.89
INV_575859,CUST_0161,2025-01-26,8.73
INV_544874,CUST_0575,2025-03-09,64.01
INV_125739,CUST_0514,2025-04-18,36.5
INV_644333,CUST_0730,2025-02-13,42.02
INV_827963,CUST_0728,2025-04-08,56.95
INV_319222,CUST_0816,2025-03-07,8.51
INV_892879,CUST_0079,2025-07-24,56.49
INV_482650,CUST_0380,2025-05-10,14.98
INV_453791,CUST_0558,2025-07-02,66.63
INV_479553,CUST_0612,2025-03-19,45.85
INV_875359,CUST_0556,2025-08-26,10.69
INV_382803,CUST_0356,2025-10-05,12.65
INV_447186,CUST_0123,2025-09-03,48.43
INV_869042,CUST_1000,2025-03-12,43.99
INV_253956,CUST_0774,2025-03-25,99.19
INV_860330,CUST_0816,2025-05-15,92.14
INV_622820,CUST_0143,2025-07-11,86.63
INV_398254,CUST_0535,2025-06-30,41.99
INV_146233,CUST_0387,2025-04-03,22.69
INV_848810,CUST_0405,2025-11-24,24.99
INV_501954,CUST_0422,2025-11-24,126.27
INV_733609,CUST_0631,2025-01-14,21.36
INV_594829,CUST_0652,2025-10-21,41.25
INV_364080,CUST_0546,2025-06-18,85.08
INV_991659,CUST_0657,2025-08-11,41.71
INV_748033,CUST_0871,2025-01-04,16.13
INV_496419,CUST_0106,2025-03-26,50.71
INV_430763,CUST_0850,2025-07-16,13.46
INV_653351,CUST_0081,2025-11-26,47.81
INV_558168,CUST_0637,2025-11-03,37.56
INV_495783,CUST_0895,2025-05-20,37.78
INV_298153,CUST_0762,2025-05-19,14.1
INV_123331,CUST_0469,2025-07-31,20.9
INV_548013,CUST_0477,2025-12-28,33.29
INV_382260,CUST_0752,2025-08-30,22.08
INV_504499,CUST_0236,2025-11-02,10.75
INV_113440,CUST_0216,2025-12-09,38.91
INV_785611,CUST_0410,2025-10-21,9.18
INV_797789,CUST_0086,2025-02-13,93.54
INV_607173,CUST_0378,2025-05-25,51.46
INV_311655,CUST_0920,2025-02-20,11.52
INV_532184,CUST_0917,2025-09-05,16.41
INV_935002,CUST_0382,2025-02-08,37.23
INV_401407,CUST_0018,2025-08-08,12.55
INV_222989,CUST_0972,2025-10-31,12.96
INV_911032,CUST_0180,2025-02-01,186.28
INV_141139,CUST_0843,2025-10-06,9.17
INV_764006,CUST_0232,2025-12-09,13.15
INV_964785,CUST_0232,2025-10-16,91.1
INV_546242,CUST_0687,2025-08-17,9.33
INV_533917,CUST_0435,2025-09-03,55.23
INV_525643,CUST_0088,2025-03-13,12.57
INV_739169,CUST_0309,2025-12-09,72.97
INV_985678,CUST_0186,2025-08-06,97.64
INV_258761,CUST_0525,2025-10-23,40.27
INV_459698,CUST_0915,2025-07-29,34.87
INV_449903,CUST_0954,2025-10-06,21.37
INV_409044,CUST_0833,2025-05-20,123.85
INV_149156,CUST_0904,2025-01-18,117.28
INV_159164,,2025-07-01,20.43
INV_409945,CUST_0259,2025-03-31,40.09
INV_782954,CUST_0250,2025-09-12,12.22
INV_409732,CUST_0108,2025-06-05,41.75
INV_302630,CUST_0982,2025-09-15,7.98
INV_353078,CUST_0282,2025-03-29,26.6
INV_815295,CUST_0936,2025-09-11,72.93
INV_383816,CUST_0783,2025-01-05,17.09
INV_117143,CUST_0693,2025-06-27,91.39
INV_653375,CUST_0639,2025-09-20,71.8
INV_411011,CUST_0355,2025-09-12,51.69
INV_974506,CUST_0853,2025-07-17,36.42
INV_742710,CUST_0620,2025-01-26,137.38
INV_139148,CUST_0221,2025-12-07,35.95
INV_395901,CUST_0219,2025-05-31,144.23
INV_156116,CUST_0189,2025-09-12,32.44
INV_120836,CUST_0874,2025-10-27,34.06
INV_241835,CUST_0256,2025-12-19,11.58
INV_706306,CUST_0837,2025-09-01,29.59
INV_839945,CUST_0197,2025-08-14,70.14
INV_928457,CUST_0365,2025-02-27,27.82
INV_390886,CUST_0422,2025-11-20,52.06
INV_977311,CUST_0568,2025-04-15,72.73
INV_188741,CUST_0307,2025-03-15,8.98
INV_399189,CUST_0399,2025-09-18,30.42
INV_257699,CUST_0307,2025-01-10,23.84
INV_336824,CUST_0863,2025-12-02,64.41
INV_979554,CUST_0215,2025-04-08,80.34
INV_729674,CUST_0521,2025-03-02,93.02
INV_370561,CUST_0931,2025-03-04,55.21
INV_287646,CUST_0105,2025-09-17,37.73
INV_565483,CUST_0429,2025-07-26,23.02
INV_320326,CUST_0628,2025-03-10,22.86
INV_477082,CUST_0864,2025-08-06,13.16
INV_383817,CUST_0859,2025-12-10,46.89
INV_909253,CUST_0758,2025-03-31,48.49
INV_474842,CUST_0919,2025-05-30,11.13
INV_223777,,2025-11-20,39.11
INV_404094,CUST_0561,2025-08-20,56.22
INV_466378,CUST_0239,2025-06-17,24.24
INV_532601,CUST_0610,2025-08-04,35.81
INV_565806,CUST_0080,2025-07-04,79.43
INV_596753,CUST_0539,2025-07-14,61.26
INV_773078,CUST_0754,2025-05-04,10.71
INV_689214,CUST_0469,2025-11-08,65.9
INV_930547,CUST_0698,2025-12-09,15.26
INV_804676,CUST_0207,2025-05-31,168.15
INV_923628,CUST_0917,2025-05-25,36.02
INV_808669,CUST_0403,2025-02-14,17.13
INV_599730,CUST_0420,2025-12-22,64.05
INV_827467,CUST_0365,2025-10-27,19.11
INV_139236,CUST_0117,2025-03-09,28.71
INV_654280,CUST_0055,2025-09-23,34.96
INV_745513,CUST_0973,2025-08-19,107.3
INV_310047,CUST_0522,2025-12-24,27.02
INV_472454,CUST_0691,2025-07-12,64.86
INV_579280,CUST_0078,2025-03-26,72.83
INV_770392,CUST_0777,2025-05-25,74.52
INV_654661,CUST_0574,2025-11-04,49.4
INV_820177,CUST_0171,2025-03-04,22.93
INV_411741,CUST_0673,2025-05-21,72.08
INV_859161,CUST_0221,2025-02-12,42.01
INV_847320,CUST_0620,2025-09-23,39.57
INV_441524,CUST_0897,2025-03-12,25.91
INV_488333,CUST_0092,2025-05-07,10.15
INV_210084,CUST_0983,2025-07-01,107.01
INV_441701,CUST_0632,2025-10-04,46.52
INV_173568,CUST_0057,2025-04-03,85.59
INV_841652,CUST_0193,2025-08-25,10.04
INV_191288,CUST_0227,2025-08-21,34.2
INV_114390,CUST_0639,2025-08-25,39.64
INV_351063,CUST_0980,2025-06-21,11.59
INV_328300,CUST_0951,2025-07-17,25.85
INV_687073,CUST_0497,2025-03-28,78.63
INV_586517,CUST_0275,2025-07-30,58.73
INV_901555,,2025-02-11,153.2
INV_976801,CUST_0329,2025-01-17,8.6
INV_126128,CUST_0575,2025-03-03,60.63
INV_617200,CUST_0837,2025-09-03,42.27
INV_283683,CUST_0551,2025-02-05,12.09
INV_278371,CUST_0998,2025-07-16,10.18
INV_468946,CUST_0728,2025-10-12,19.1
INV_318168,,2025-01-14,23.26
INV_268733,CUST_0723,2025-09-25,13.94
INV_250862,CUST_0344,2025-07-22,15.91
INV_798267,CUST_0288,2025-09-09,19.83
INV_413045,CUST_0920,2025-07-07,78.6
INV_820531,CUST_0795,2025-07-30,26.06
INV_565536,CUST_0321,2025-08-01,18.93
INV_555775,CUST_0522,2025-02-16,14.47
INV_981809,CUST_0958,2025-04-13,39.7
INV_312986,CUST_0880,2025-01-27,62.73
INV_520661,CUST_0679,2025-03-23,98.62
INV_514627,CUST_0479,2025-09-11,56.05
INV_790568,CUST_0402,2025-02-07,21.2
INV_659650,CUST_0713,2025-07-19,160.65
INV_302918,CUST_0594,2025-08-08,60.22
INV_840045,CUST_0468,2025-07-23,15.38
INV_722995,CUST_0150,2025-06-08,21.88
INV_345847,CUST_0893,2025-06-15,12.56
INV_367614,CUST_0217,2025-01-01,69.4
INV_612177,CUST_0140,2025-04-16,24.9
INV_812550,CUST_0810,2025-12-24,72.45
INV_768779,CUST_0658,2025-03-15,40.76
INV_657373,CUST_0122,2025-01-17,19.94
INV_929414,CUST_0809,2025-09-09,29.08
INV_939141,CUST_0119,2025-06-11,10.48
INV_763969,CUST_0045,2025-11-10,22.17
INV_370001,CUST_0556,2025-09-28,8.89
INV_882409,CUST_0357,2025-01-03,13.96
INV_750332,CUST_0563,2025-03-08,10.71
INV_629783,CUST_0688,2025-05-25,51.07
INV_237815,CUST_0834,2025-01-04,11.72
INV_149476,CUST_0529,2025-02-21,18.31
INV_784308,CUST_0992,2025-08-07,39.52
INV_670850,CUST_0536,2025-01-04,99.86
INV_813895,CUST_0259,2025-11-20,19.95
INV_385291,CUST_0688,2025-11-06,27.49
INV_190925,CUST_0473,2025-10-23,11.82
INV_113731,CUST_0846,2025-05-21,27.56
INV_741000,CUST_0744,2025-08-29,10.33
INV_141025,CUST_0770,2025-09-06,75.17
INV_667769,CUST_0820,2025-12-14,60.7
INV_848987,CUST_0534,2025-04-17,82.62
INV_373958,CUST_0442,2025-08-04,115.73
INV_682124,,2025-10-24,12.46
INV_581632,CUST_0268,2025-01-13,118.48
INV_985375,CUST_0057,2025-02-09,32.89
INV_256164,CUST_0173,2025-02-04,36.45
INV_462612,CUST_0730,2025-01-11,65.14
INV_304354,CUST_0184,2025-12-28,63.9
INV_350694,CUST_0712,2025-01-31,19.43
INV_667827,CUST_0066,2025-03-11,16.53
INV_607800,CUST_0441,2025-08-14,20.93
INV_213034,CUST_0396,2025-07-18,23.42
INV_281413,CUST_0326,2025-04-01,51.17
INV_840686,CUST_0642,2025-08-02,52.05
INV_648912,CUST_0764,2025-12-15,38.65
INV_713614,CUST_0052,2025-10-16,35.09
INV_737300,CUST_0133,2025-10-01,53.34
INV_176425,CUST_0805,2025-08-31,23.08
INV_211915,CUST_0591,2025-06-19,32.95
INV_379349,,2025-03-28,15.53
INV_213153,,2025-06-12,37.67
INV_187876,CUST_0350,2025-06-18,21.49
INV_361420,CUST_0375,2025-04-02,98.62
INV_398845,CUST_0660,2025-10-07,53.86
INV_264404,CUST_0314,2025-05-08,33.98
INV_518779,CUST_0187,2025-02-07,29.5
INV_728889,CUST_0738,2025-02-22,88.57
INV_944124,CUST_0560,2025-12-17,45.71
INV_588195,CUST_0182,2025-05-05,15.92
INV_571068,CUST_0894,2025-01-03,77.54
INV_769113,CUST_0372,2025-01-11,8.62
INV_641797,CUST_0203,2025-01-21,31.08
INV_366186,CUST_0046,2025-03-07,10.54
INV_387166,CUST_0111,2025-12-04,102.66
INV_360710,CUST_0611,2025-10-18,54.77
INV_757346,CUST_0897,2025-10-08,70.21
INV_227101,CUST_0703,2025-02-20,12.09
INV_232283,CUST_0492,2025-03-10,95.44
INV_201489,CUST_0230,2025-07-08,139.58
INV_689872,CUST_0076,2025-06-13,41.03
INV_477218,CUST_0495,2025-11-22,117.84
INV_627340,CUST_0970,2025-08-06,59.13
INV_246692,CUST_0346,2025-08-18,24.0
INV_109472,CUST_0766,2025-09-28,55.46
INV_989694,CUST_0656,2025-09-16,99.2
INV_378676,CUST_0525,2025-07-27,35.17
INV_212313,CUST_0834,2025-06-04,84.98
INV_818730,CUST_0830,2025-12-24,89.64
INV_226150,CUST_0456,2025-09-21,34.09
INV_916117,CUST_0832,2025-01-21,20.7
INV_883123,CUST_0959,2025-12-07,71.73
INV_289937,CUST_0264,2025-02-27,49.39
INV_291758,CUST_0249,2025-04-03,43.08
INV_776341,CUST_0606,2025-06-03,70.45
INV_815637,CUST_0592,2025-10-19,16.88
INV_556104,CUST_0549,2025-12-08,140.37
INV_858171,CUST_0744,2025-04-03,8.29
INV_219156,CUST_0432,2025-06-15,17.7
INV_727290,CUST_0225,2025-03-14,22.54
INV_740816,CUST_0216,2025-03-31,33.65
INV_846716,CUST_0939,2025-08-08,64.09
INV_899395,CUST_0389,2025-02-11,17.87
INV_741857,CUST_0873,2025-10-10,60.77
INV_469792,CUST_0537,2025-03-14,95.53
INV_268600,CUST_0599,2025-11-26,39.86
INV_715036,CUST_0694,2025-05-05,82.91
INV_753817,CUST_0314,2025-11-22,75.0
INV_985540,CUST_0082,2025-03-28,82.04
INV_674675,CUST_0404,2025-04-13,142.59
INV_327444,CUST_0577,2025-07-28,32.95
INV_566690,CUST_0628,2025-08-25,46.52
INV_236149,CUST_0046,2025-11-07,16.21
INV_290912,CUST_0960,2025-10-28,118.34
INV_593027,CUST_0536,2025-02-04,175.5
INV_982930,CUST_0976,2025-01-16,70.56
INV_442776,CUST_0950,2025-07-26,15.17
INV_685842,CUST_0994,2025-09-24,87.96
INV_688172,CUST_0580,2025-10-26,125.91
INV_699142,CUST_0394,2025-03-16,23.05
INV_638938,CUST_0297,2025-06-27,44.92
INV_462544,CUST_0039,2025-09-16,20.99
INV_394478,CUST_0538,2025-06-10,12.42
INV_689428,CUST_0002,2025-05-12,43.0
INV_414368,CUST_0676,2025-10-15,58.33
INV_927165,CUST_0188,2025-02-25,10.82
INV_822648,CUST_0310,2025-02-05,14.49
INV_291812,CUST_0592,2025-11-10,39.9
INV_608522,CUST_0640,2025-11-03,13.78
INV_531779,CUST_0109,2025-12-23,12.12
INV_697457,CUST_0068,2025-10-19,19.66
INV_724705,CUST_0434,2025-06-18,28.0
INV_408838,CUST_0021,2025-04-10,59.15
INV_436473,CUST_0559,2025-02-08,12.38
INV_792894,CUST_0597,2025-09-30,107.23
INV_942288,CUST_0243,2025-03-14,32.39
INV_550400,CUST_0101,2025-01-02,60.46
INV_442962,CUST_0099,2025-12-25,13.86
INV_880498,CUST_0980,2025-01-02,12.59
INV_547875,CUST_0123,2025-08-17,83.95
INV_189846,CUST_0140,2025-01-29,32.81
INV_960665,CUST_0012,2025-12-21,45.84
INV_948964,CUST_0106,2025-02-01,134.67
INV_752192,CUST_0813,2025-12-28,67.68
INV_918749,CUST_0996,2025-04-10,101.32
INV_561261,CUST_0697,2025-01-29,52.63
INV_543049,CUST_0921,2025-05-23,24.57
INV_290545,CUST_0157,2025-12-01,28.67
INV_624362,CUST_0754,2025-06-21,110.29
INV_223199,,2025-04-24,48.29
INV_524190,CUST_0102,2025-12-28,115.64
INV_426968,CUST_0532,2025-02-27,7.82
INV_857600,CUST_0998,2025-07-15,31.53
INV_915915,CUST_0092,2025-02-21,118.86
INV_998628,CUST_0098,2025-08-24,52.26
INV_764607,CUST_0927,2025-02-14,157.53
INV_397073,,2025-05-06,40.69
INV_708952,CUST_0204,2025-01-29,83.67
INV_178209,CUST_0253,2025-10-13,11.87
INV_724152,CUST_0062,2025-01-03,52.2
INV_266562,CUST_0691,2025-05-21,113.95
INV_172255,CUST_0311,2025-05-10,10.77
INV_793201,CUST_0031,2025-02-16,126.38
INV_936713,CUST_0845,2025-04-20,37.2
INV_682314,CUST_0812,2025-11-26,66.73
INV_701158,CUST_0383,2025-06-11,53.14
INV_822969,CUST_0767,2025-02-24,23.54
INV_285541,CUST_0313,2025-05-06,95.63
INV_618953,CUST_0811,2025-07-07,48.22
INV_729721,CUST_0716,2025-01-11,52.24
INV_400589,CUST_0658,2025-03-26,51.85
INV_447761,CUST_0556,2025-10-05,22.1
INV_764093,CUST_0491,2025-09-12,16.03
INV_224232,CUST_0264,2025-04-08,15.48
INV_240562,CUST_0115,2025-10-03,64.36
INV_432103,CUST_0773,2025-11-27,72.17
INV_271999,CUST_0211,2025-08-03,138.43
INV_929311,CUST_0026,2025-01-27,34.85
INV_451931,CUST_0946,2025-06-19,69.98
INV_278130,CUST_0169,2025-10-16,33.81
INV_324793,CUST_0609,2025-01-16,82.98
INV_532859,CUST_0864,2025-01-12,27.0
INV_791150,CUST_0885,2025-06-26,31.67
INV_843264,CUST_0269,2025-06-10,42.57
INV_502205,CUST_0747,2025-01-18,17.78
INV_381504,CUST_0794,2025-05-24,61.99
INV_864325,CUST_0666,2025-06-25,37.44
INV_969029,CUST_0898,2025-05-14,80.11
INV_367688,CUST_0106,2025-08-04,48.08
INV_940125,CUST_0072,2025-11-26,11.33
INV_966453,CUST_0925,2025-07-05,118.35
INV_437547,CUST_0246,2025-09-19,37.52
INV_481382,CUST_0099,2025-10-05,110.52
INV_515976,CUST_0104,2025-03-30,51.39
INV_165614,CUST_0394,2025-07-02,18.71
INV_883077,CUST_0052,2025-09-26,129.53
INV_586134,CUST_0131,2025-04-30,94.45
INV_561122,CUST_0432,2025-07-11,47.16
INV_334955,CUST_0210,2025-04-13,23.97
INV_237821,CUST_0133,2025-11-19,20.17
INV_446140,CUST_0452,2025-05-09,57.86
INV_547617,CUST_0722,2025-01-12,11.19
INV_551989,CUST_0293,2025-06-22,31.01
INV_817997,CUST_0356,2025-05-19,59.44
INV_934089,CUST_0029,2025-05-23,31.33
INV_244575,CUST_0299,2025-07-27,102.68
INV_349495,CUST_0672,2025-03-05,23.52
INV_101906,CUST_0215,2025-11-18,58.81
INV_289773,CUST_0232,2025-10-09,184.13
INV_199764,CUST_0768,2025-10-08,8.94
INV_995781,CUST_0323,2025-12-12,110.68
INV_923578,CUST_0599,2025-05-29,82.45
INV_116939,CUST_0362,2025-07-17,40.55
INV_299294,CUST_0356,2025-01-28,110.02
INV_244258,CUST_0379,2025-06-17,26.3
INV_249805,CUST_0076,2025-08-19,78.01
INV_477224,CUST_0726,2025-08-03,92.91
INV_359418,CUST_0085,2025-09-24,16.59
INV_548934,CUST_0962,2025-08-04,158.27
INV_794491,CUST_0606,2025-06-23,8.27
INV_523041,,2025-01-31,38.93
INV_942753,CUST_1000,2025-04-15,8.15
INV_519204,CUST_0871,2025-04-11,85.34
INV_910238,CUST_0692,2025-12-07,35.19
INV_502968,CUST_0317,2025-02-07,57.03
INV_886885,CUST_0386,2025-05-01,72.7
INV_199122,CUST_0681,2025-11-19,54.52
INV_582863,CUST_0773,2025-01-13,18.28
INV_335851,CUST_0921,2025-11-09,155.06
INV_607750,,2025-09-18,47.07
INV_938018,CUST_0205,2025-07-04,80.76
INV_627831,CUST_0892,2025-11-05,130.1
INV_659319,CUST_0104,2025-09-03,98.1
INV_605329,CUST_0946,2025-07-31,43.06
INV_697993,CUST_0884,2025-11-28,23.35
INV_721535,CUST_0551,2025-03-30,12.2
INV_465543,,2025-08-04,11.21
INV_573594,CUST_0498,2025-06-27,51.41
INV_279006,CUST_0992,2025-01-15,19.48
INV_713655,CUST_0325,2025-08-02,24.86
INV_784547,CUST_0978,2025-11-01,29.38
INV_586626,CUST_0090,2025-03-01,22.86
INV_459181,CUST_0474,2025-01-29,71.51
INV_649264,CUST_0079,2025-10-16,83.34
INV_462681,CUST_0279,2025-02-26,27.69
INV_351666,CUST_0398,2025-04-03,30.05
INV_299121,CUST_0693,2025-12-25,26.26
INV_957617,CUST_0663,2025-08-26,10.07
INV_306354,CUST_0073,2025-07-08,65.77
INV_764164,CUST_0731,2025-11-22,78.58
INV_354793,CUST_0546,2025-03-25,44.18
INV_821754,CUST_0202,2025-12-10,141.67
INV_464765,CUST_0400,2025-08-06,15.91
INV_583042,CUST_0383,2025-03-21,60.14
INV_898385,CUST_0016,2025-01-12,23.45
INV_568255,CUST_0939,2025-08-16,22.16
INV_329016,CUST_0809,2025-05-14,35.04
INV_760284,CUST_0066,2025-05-17,63.1
INV_964358,,2025-09-16,37.74
INV_723813,CUST_0993,2025-02-24,44.83
INV_993164,CUST_0813,2025-08-14,46.91
INV_660309,CUST_0026,2025-05-01,17.44
INV_844990,CUST_0711,2025-10-29,84.9
INV_839945,CUST_0984,2025-11-11,113.86
INV_749983,CUST_0736,2025-09-30,40.45
INV_835733,CUST_0442,2025-01-24,137.02
INV_731121,CUST_0859,2025-01-25,24.96
INV_974722,CUST_0878,2025-02-06,62.04
INV_892425,CUST_0320,2025-11-24,21.36
INV_473994,CUST_0086,2025-02-22,12.75
INV_537743,CUST_0959,2025-09-24,80.44
INV_811058,CUST_0999,2025-04-10,66.01
INV_225604,CUST_0396,2025-01-15,22.58
INV_491065,CUST_0463,2025-01-29,42.41
INV_814995,CUST_0364,2025-05-10,51.11
INV_939446,CUST_0388,2025-08-02,129.27
INV_660027,CUST_0059,2025-03-31,41.75
INV_961596,CUST_0504,2025-07-13,12.66
INV_246429,CUST_0139,2025-08-17,71.08
INV_829992,CUST_0562,2025-04-28,30.76
INV_341474,CUST_0483,2025-07-10,57.75
INV_272106,CUST_0693,2025-03-19,39.18
INV_897866,CUST_0295,2025-10-08,68.7
INV_408372,CUST_0015,2025-07-30,56.8
INV_420580,,2025-11-02,66.41
INV_656664,CUST_0260,2025-11-30,34.41
INV_671025,CUST_0371,2025-04-11,54.68
INV_127472,CUST_0865,2025-08-31,22.24
INV_753525,CUST_0555,2025-04-05,39.78
INV_725675,CUST_0718,2025-03-08,103.82
INV_889404,CUST_0237,2025-11-18,24.78
INV_579885,CUST_0849,2025-05-15,12.75
INV_930445,CUST_0428,2025-06-07,80.54
INV_618993,CUST_0326,2025-12-10,14.06
INV_257541,CUST_0856,2025-08-17,12.29
INV_241002,CUST_0290,2025-06-17,132.25
INV_755915,CUST_0214,2025-09-03,14.35
INV_471687,CUST_0844,2025-11-09,147.11
INV_607553,CUST_0380,2025-07-18,30.68
INV_540924,CUST_0907,2025-08-22,11.76
INV_631661,CUST_0042,2025-10-11,37.25
INV_862473,CUST_0466,2025-08-08,9.87
INV_615971,CUST_0118,2025-08-25,60.57
INV_924624,CUST_0475,2025-04-10,74.19
INV_392926,CUST_0354,2025-10-13,40.55
INV_588161,CUST_0687,2025-10-09,14.89
INV_286278,CUST_0007,2025-05-07,30.97
INV_240749,CUST_0190,2025-12-25,12.53
INV_498825,CUST_0053,2025-08-30,147.96
INV_936614,CUST_0978,2025-12-30,29.76
INV_899595,CUST_0742,2025-06-05,7.68
INV_830351,CUST_0735,2025-09-07,90.86
INV_848294,CUST_0380,2025-12-26,98.22
INV_633793,CUST_0919,2025-07-08,18.42
INV_600850,CUST_0874,2025-02-27,38.72
INV_345993,CUST_0210,2025-02-10,15.71
INV_902194,,2025-03-19,11.55
INV_574650,CUST_0039,2025-04-29,22.73
INV_410258,CUST_0616,2025-03-15,30.51
INV_167194,CUST_0147,2025-09-12,119.83
INV_760501,CUST_0718,2025-08-28,13.28
INV_138346,CUST_0771,2025-12-23,173.07
INV_234917,CUST_0432,2025-09-15,9.85
INV_275324,,2025-09-08,23.75
INV_603150,CUST_0379,2025-08-10,57.51
INV_297345,CUST_0770,2025-12-15,43.37
INV_574869,,2025-07-02,74.64
INV_609163,CUST_0444,2025-12-19,91.01
INV_513151,CUST_0127,2025-04-14,80.8
INV_551069,CUST_0155,2025-09-14,63.77
INV_377255,CUST_0552,2025-10-15,98.53
INV_991255,CUST_0569,2025-10-25,34.58
INV_704596,CUST_0087,2025-08-30,143.87
INV_500706,CUST_0310,2025-03-25,61.43
INV_927543,CUST_0764,2025-07-09,11.41
INV_421199,CUST_0994,2025-10-29,8.3
INV_432336,CUST_0008,2025-10-22,37.38
INV_129092,CUST_0302,2025-02-07,45.02
INV_390655,CUST_0219,2025-12-14,28.1
INV_464206,CUST_0079,2025-08-24,92.45
INV_307580,CUST_0878,2025-11-04,66.16
INV_726652,CUST_0009,2025-10-16,129.42
INV_111017,CUST_0205,2025-07-05,54.45
INV_654636,CUST_0774,2025-09-05,62.86
INV_851917,CUST_0065,2025-10-03,27.54
INV_135010,CUST_0392,2025-01-10,57.21
INV_878928,CUST_0907,2025-01-12,99.83
INV_137493,CUST_0177,2025-08-05,64.33
INV_783725,CUST_0164,2025-02-08,32.13
INV_180771,CUST_0999,2025-11-08,15.79
INV_721747,CUST_0253,2025-10-13,56.69
INV_329171,CUST_0415,2025-12-24,85.81
INV_207338,CUST_0080,2025-05-15,21.89
INV_395103,CUST_0440,2025-08-13,21.55
INV_694486,CUST_0103,2025-01-07,9.22
INV_208775,CUST_0231,2025-12-28,34.14
INV_785388,CUST_0457,2025-08-21,120.95
INV_156747,CUST_0439,2025-10-19,92.42
INV_715516,CUST_0657,2025-05-10,36.05
INV_281902,CUST_0626,2025-10-11,80.11
INV_635827,CUST_0223,2025-08-20,39.03
INV_375478,CUST_0682,2025-05-20,50.51
INV_614906,CUST_0968,2025-08-12,116.98
INV_766220,CUST_0665,2025-11-29,64.48
INV_907274,CUST_0031,2025-08-17,162.2
INV_138744,CUST_0822,2025-05-21,41.48
INV_469061,CUST_0371,2025-04-09,107.68
INV_889622,CUST_0480,2025-03-08,223.84
INV_278157,CUST_0598,2025-02-21,69.91
INV_783245,CUST_0337,2025-10-25,33.83
INV_844854,CUST_0382,2025-06-04,25.49
INV_941279,CUST_0508,2025-12-28,33.62
INV_401075,CUST_0635,2025-09-11,17.74
INV_118807,CUST_0528,2025-05-25,56.09
INV_856572,CUST_0504,2025-06-15,31.53
INV_873931,CUST_0617,2025-04-10,9.7
INV_646894,,2025-11-28,16.96
INV_671224,CUST_0585,2025-06-25,29.42
INV_914506,CUST_0103,2025-08-12,21.63
INV_435863,,2025-06-12,25.95
INV_337777,CUST_0182,2025-09-06,15.18
INV_158453,CUST_0656,2025-12-11,21.56
INV_502932,CUST_0415,2025-07-03,37.87
INV_151990,CUST_0604,2025-03-11,44.66
INV_861269,CUST_0649,2025-11-10,13.57
INV_885786,CUST_0046,2025-10-05,8.46
INV_977860,CUST_0788,2025-06-28,17.44
INV_453383,CUST_0690,2025-06-11,163.55
INV_790091,CUST_0161,2025-10-14,22.8
INV_818960,CUST_0034,2025-08-30,266.71
INV_443686,CUST_0318,2025-01-23,114.21
INV_386629,CUST_0118,2025-07-08,30.92
INV_340491,CUST_0212,2025-04-23,21.37
INV_867842,CUST_0158,2025-09-30,140.72
INV_816605,CUST_0852,2025-02-14,42.26
INV_957759,CUST_0315,2025-06-26,72.93
INV_934938,CUST_0906,2025-09-24,54.42
INV_555651,CUST_0489,2025-07-09,54.74
INV_536149,CUST_0357,2025-05-25,13.1
INV_405745,CUST_0204,2025-08-01,66.02
INV_169893,CUST_0181,2025-11-16,7.95
INV_375375,CUST_0784,2025-07-19,21.57
INV_525840,CUST_0683,2025-10-22,15.54
INV_838157,CUST_0396,2025-08-25,23.48
INV_520628,CUST_0823,2025-05-09,29.65
INV_977080,CUST_0293,2025-04-26,28.42
INV_389372,CUST_0903,2025-05-07,40.93
INV_477721,CUST_0094,2025-11-23,11.26
INV_943810,CUST_0792,2025-01-11,9.15
INV_307500,CUST_0447,2025-08-16,44.4
INV_472646,CUST_0535,2025-03-24,59.22
INV_891841,CUST_0344,2025-03-21,100.76
INV_894301,CUST_0455,2025-11-27,39.46
INV_307374,CUST_0909,2025-01-31,65.95
INV_601955,CUST_0313,2025-03-16,67.64
INV_700079,CUST_0843,2025-01-29,78.28
INV_246836,CUST_0423,2025-03-18,114.75
INV_668933,CUST_0940,2025-05-04,88.65
INV_881608,CUST_0904,2025-03-18,95.45
INV_379100,CUST_0510,2025-07-22,124.78
INV_300658,CUST_0538,2025-03-12,124.24
INV_988513,CUST_0326,2025-12-29,106.13
INV_251152,CUST_0787,2025-11-20,16.9
INV_946278,CUST_0825,2025-06-14,25.95
INV_534368,CUST_0969,2025-06-02,61.14
INV_837371,CUST_0627,2025-09-19,14.52
INV_829024,CUST_0139,2025-11-29,37.25
INV_631149,CUST_0052,2025-07-14,71.91
INV_369209,CUST_0799,2025-04-03,22.48
INV_288929,CUST_0821,2025-05-25,25.09
INV_715429,CUST_0503,2025-12-08,15.07
INV_464534,CUST_0500,2025-05-29,44.46
INV_122995,CUST_0601,2025-06-03,44.66
INV_541168,CUST_0161,2025-09-27,15.85
INV_599471,CUST_0149,2025-02-15,62.71
INV_297127,CUST_0632,2025-12-06,28.74
INV_363246,CUST_0344,2025-10-02,135.56
INV_728373,CUST_0598,2025-05-04,38.86
INV_426944,CUST_0558,2025-04-23,36.13
INV_309272,CUST_0901,2025-08-06,20.44
INV_227602,CUST_0384,2025-11-30,23.66
INV_645470,CUST_0319,2025-04-04,29.77
INV_538748,CUST_0462,2025-01-12,20.57
INV_968408,CUST_0939,2025-10-23,41.81
INV_595288,CUST_0855,2025-12-06,18.24
INV_782346,CUST_0633,2025-08-14,13.09
INV_110794,CUST_0892,2025-12-22,131.6
INV_141708,CUST_0887,2025-01-23,11.58
INV_747601,CUST_0805,2025-05-14,57.78
INV_860956,CUST_0022,2025-12-27,17.52
INV_263543,CUST_0079,2025-12-12,17.59
INV_899458,CUST_0176,2025-12-24,30.97
INV_303299,CUST_0106,2025-07-12,84.26
INV_950187,CUST_0954,2025-07-23,10.82
INV_793539,CUST_0170,2025-02-08,33.44
INV_160561,CUST_0564,2025-10-14,56.82
INV_592232,CUST_0425,2025-11-10,10.73
INV_947848,CUST_0128,2025-10-14,47.33
INV_837550,CUST_0778,2025-07-07,58.45
INV_805591,CUST_0771,2025-10-26,38.21
INV_784659,CUST_0831,2025-07-22,31.29
INV_735960,CUST_0604,2025-05-18,16.96
INV_243953,CUST_0562,2025-03-12,17.43
INV_581127,CUST_0372,2025-04-15,16.34
INV_147013,CUST_0084,2025-02-12,20.52
INV_731872,CUST_0606,2025-10-25,66.32
INV_611188,CUST_0290,2025-09-14,81.85
INV_947959,CUST_0148,2025-03-02,108.29
INV_920509,CUST_0324,2025-10-05,30.08
INV_185283,CUST_0382,2025-12-19,54.28
INV_605694,CUST_0453,2025-07-22,10.44
INV_217399,CUST_0311,2025-07-27,52.7
INV_280645,CUST_0438,2025-01-26,9.5
INV_723538,CUST_0750,2025-11-17,19.45
INV_236016,CUST_0163,2025-10-26,40.25
INV_732731,CUST_0698,2025-02-23,28.48
INV_131629,CUST_0285,2025-05-18,77.76
INV_569791,CUST_0716,2025-02-11,80.65
INV_362199,CUST_0426,2025-01-26,56.29
INV_442864,CUST_0253,2025-05-02,29.19
INV_773882,,2025-08-19,7.68
INV_496848,CUST_0393,2025-01-22,35.17
INV_768626,CUST_0641,2025-03-14,21.49
INV_752168,CUST_0356,2025-06-17,26.15
INV_444937,CUST_0105,2025-05-30,18.58
INV_246479,CUST_0299,2025-06-16,31.63
INV_876644,CUST_0638,2025-08-27,19.3
INV_650901,CUST_0784,2025-02-06,106.36
INV_326009,CUST_0165,2025-05-05,48.29
INV_632860,,2025-03-03,8.28
INV_787635,CUST_0673,2025-03-07,81.59
INV_667497,CUST_0700,2025-03-23,8.0
INV_353516,CUST_0920,2025-05-12,56.64
INV_201551,CUST_0601,2025-09-10,19.74
INV_610491,CUST_0545,2025-02-27,12.91
INV_639689,CUST_0547,2025-05-05,67.67
INV_870488,CUST_0597,2025-07-07,69.45
INV_135135,CUST_0837,2025-04-15,12.96
INV_991798,,2025-08-03,11.57
INV_390693,CUST_0236,2025-10-08,16.19
INV_959004,CUST_0887,2025-06-11,328.8
INV_104677,CUST_0817,2025-08-13,15.33
INV_463581,CUST_0805,2025-10-14,169.25
INV_684436,,2025-01-14,40.54
INV_304335,CUST_0847,2025-01-08,25.4
INV_357231,CUST_0597,2025-01-28,81.45
INV_737031,,2025-07-23,32.78
INV_195057,CUST_0742,2025-04-11,34.68
INV_516512,CUST_0522,2025-04-16,14.2
INV_176675,CUST_0807,2025-10-04,38.97
INV_181238,CUST_0188,2025-11-13,30.49
INV_420032,CUST_0105,2025-02-03,81.09
INV_259413,CUST_0354,2025-08-19,86.16
INV_637732,CUST_0852,2025-03-06,12.57
INV_897406,CUST_0592,2025-09-28,22.63
INV_984080,CUST_0535,2025-04-19,12.14
INV_155612,,2025-05-19,51.98
INV_737384,CUST_0123,2025-11-16,79.86
INV_368602,CUST_0522,2025-01-08,25.77
INV_394366,CUST_0946,2025-07-16,12.23
INV_697121,CUST_0913,2025-01-20,81.65
INV_969241,CUST_0293,2025-05-12,42.0
INV_545899,CUST_0793,2025-09-22,82.1
INV_934397,CUST_0458,2025-10-17,173.94
INV_575485,CUST_0278,2025-11-22,19.5
INV_390507,CUST_0706,2025-02-01,18.31
INV_791505,CUST_0001,2025-09-02,22.91
INV_376999,CUST_0909,2025-01-15,39.74
INV_749362,CUST_0330,2025-02-15,27.82
INV_119731,CUST_0166,2025-05-19,15.31
INV_982865,CUST_0916,2025-10-04,47.77
INV_185192,CUST_0842,2025-12-20,11.52
INV_319894,CUST_0878,2025-04-25,89.25
INV_942329,CUST_0068,2025-11-22,10.85
INV_274588,CUST_0623,2025-12-25,115.07
INV_581756,CUST_0179,2025-08-29,12.61
INV_531231,CUST_0843,2025-06-02,115.65
INV_218104,CUST_0711,2025-06-03,19.04
INV_674120,CUST_0531,2025-06-08,11.14
INV_145784,CUST_0996,2025-01-23,64.01
INV_355564,CUST_0834,2025-07-13,46.33
INV_650996,CUST_0419,2025-06-18,11.39
INV_104922,CUST_0416,2025-07-01,25.43
INV_905983,CUST_0297,2025-04-22,17.14
INV_122948,CUST_0950,2025-06-17,62.31
INV_757846,CUST_0105,2025-07-12,17.87
INV_107086,CUST_0132,2025-12-21,94.23
INV_378060,CUST_0843,2025-09-27,17.93
INV_672668,CUST_0913,2025-06-12,39.6
INV_196494,CUST_0681,2025-10-12,127.17
INV_824071,CUST_0270,2025-11-06,12.83
INV_715837,CUST_0682,2025-07-05,24.86
INV_902523,CUST_0281,2025-09-10,17.52
INV_674699,CUST_0136,2025-08-11,72.26
INV_833682,CUST_0854,2025-08-16,80.36
INV_575083,CUST_0521,2025-07-09,112.64
INV_174804,CUST_0677,2025-05-19,125.28
INV_991907,CUST_0687,2025-04-20,16.03
INV_449230,CUST_0667,2025-06-21,50.49
INV_405364,CUST_0094,2025-02-17,9.74
INV_581930,CUST_0436,2025-12-06,102.11
INV_329192,CUST_0205,2025-03-14,29.17
INV_128261,CUST_0077,2025-10-31,53.24
INV_496562,CUST_0106,2025-11-29,39.75
INV_242412,CUST_0088,2025-07-30,34.05
INV_726441,CUST_0442,2025-01-28,72.92
INV_996736,CUST_0382,2025-07-24,82.7
INV_465088,CUST_0142,2025-03-25,10.88
INV_766252,CUST_0913,2025-06-01,14.1
INV_272687,CUST_0958,2025-09-08,170.65
INV_484755,CUST_0450,2025-07-28,36.39
INV_983727,,2025-05-05,84.52
INV_526941,CUST_0334,2025-02-28,58.4
INV_488026,CUST_0561,2025-11-03,24.79
INV_954619,CUST_0332,2025-01-15,99.54
INV_619904,CUST_0510,2025-10-06,90.69
INV_449454,CUST_0813,2025-11-14,31.57
INV_313933,CUST_0746,2025-02-15,46.22
INV_150762,CUST_0952,2025-09-06,43.1
INV_355539,CUST_0157,2025-08-11,28.94
INV_258785,CUST_0950,2025-03-29,9.28
INV_753080,CUST_0662,2025-01-20,64.96
INV_119510,CUST_0558,2025-03-14,90.68
INV_491413,CUST_0061,2025-12-11,81.03
INV_651616,CUST_0176,2025-04-26,80.42
INV_275885,CUST_0662,2025-05-11,11.42
INV_354289,CUST_0292,2025-07-29,30.83
INV_827662,CUST_0579,2025-01-10,26.58
INV_754282,CUST_0321,2025-08-07,56.23
INV_343768,CUST_0625,2025-05-13,73.01
INV_937742,CUST_0376,2025-12-15,26.62
INV_917060,CUST_0869,2025-03-17,58.2
INV_670534,CUST_0643,2025-11-25,81.27
INV_364954,CUST_0922,2025-05-10,63.07
INV_373306,CUST_0469,2025-01-09,112.28
INV_758981,CUST_0819,2025-11-16,69.46
INV_570066,CUST_0612,2025-07-12,24.18
INV_862476,CUST_0393,2025-05-21,49.16
INV_874560,CUST_0719,2025-10-27,194.5
INV_566441,CUST_0664,2025-08-31,56.94
INV_584716,CUST_0356,2025-05-28,52.99
INV_728203,CUST_0364,2025-05-20,119.48
INV_255915,CUST_0229,2025-03-04,56.53
INV_812392,CUST_0405,2025-10-08,39.21
INV_109304,CUST_0126,2025-11-02,128.9
INV_623277,CUST_0355,2025-04-26,76.67
INV_437735,CUST_0257,2025-07-28,37.54
INV_762806,CUST_0837,2025-04-15,127.08
INV_712495,CUST_0521,2025-04-28,35.53
INV_820217,CUST_0289,2025-01-14,44.03
INV_332366,CUST_0698,2025-12-11,136.66
INV_532750,CUST_0172,2025-09-27,52.71
INV_554529,CUST_0183,2025-12-05,29.6
INV_346256,CUST_0283,2025-03-15,16.59
INV_165908,CUST_0328,2025-01-23,51.42
INV_102431,CUST_0362,2025-04-03,16.57
INV_307193,CUST_0575,2025-08-12,100.87
INV_462355,CUST_0849,2025-04-13,25.9
INV_756763,CUST_0719,2025-09-26,37.29
INV_859994,CUST_0403,2025-06-01,47.64
INV_999482,CUST_0726,2025-01-15,9.24
INV_402107,CUST_0956,2025-03-14,123.01
INV_230697,CUST_0577,2025-01-17,9.49
INV_975729,CUST_0831,2025-08-17,88.74
INV_668423,CUST_0431,2025-10-21,22.0
INV_400406,CUST_0204,2025-02-22,292.76
INV_514750,CUST_0842,2025-02-23,21.15
INV_693391,CUST_0135,2025-02-27,56.59
INV_661700,CUST_0253,2025-10-22,65.43
INV_595054,CUST_0631,2025-03-08,31.09
INV_106475,,2025-11-04,77.23
INV_915977,CUST_0836,2025-08-27,10.56
INV_853772,CUST_0381,2025-04-02,12.91
INV_392759,CUST_0317,2025-06-17,41.86
INV_736431,CUST_0435,2025-08-06,37.1
INV_332298,CUST_0278,2025-02-26,25.15
INV_834791,CUST_0466,2025-11-23,116.66
INV_590783,CUST_0838,2025-01-30,15.46
INV_886796,CUST_0086,2025-08-22,119.91
INV_369580,CUST_0777,2025-10-14,57.26
INV_163295,CUST_0698,2025-05-11,55.55
INV_874008,CUST_0351,2025-06-29,9.64
INV_379301,CUST_0163,2025-09-28,70.58
INV_287167,CUST_0510,2025-12-31,11.11
INV_989566,CUST_0436,2025-03-24,12.44
INV_491758,CUST_0981,2025-04-28,84.78
INV_686510,CUST_0590,2025-05-27,40.37
INV_112755,CUST_0390,2025-09-01,22.77
INV_335132,CUST_0866,2025-01-26,97.46
INV_824276,CUST_0947,2025-03-14,49.99
INV_997883,,2025-07-06,35.08
INV_584427,CUST_0186,2025-12-10,113.41
INV_913177,CUST_0051,2025-10-02,81.7
INV_160653,CUST_0211,2025-10-07,36.59
INV_109795,CUST_0376,2025-03-23,18.14
INV_727395,CUST_0044,2025-03-02,24.51
INV_278168,CUST_0330,2025-11-19,47.9
INV_426754,CUST_0089,2025-07-17,49.31
INV_711516,CUST_0539,2025-03-30,71.24
INV_515427,CUST_0240,2025-12-25,105.46
INV_404647,CUST_0809,2025-06-14,72.89
INV_947790,CUST_0550,2025-04-24,67.14
INV_359405,CUST_0986,2025-12-25,40.38
INV_444950,CUST_0689,2025-06-18,23.12
INV_818515,CUST_0735,2025-07-18,71.78
INV_589464,CUST_0762,2025-08-19,34.92
INV_143013,CUST_0023,2025-02-17,10.83
INV_415594,CUST_0550,2025-06-18,50.06
INV_538598,CUST_0325,2025-11-09,12.3
INV_472333,CUST_0987,2025-02-16,138.91
INV_337403,CUST_0013,2025-12-31,162.35
INV_763299,CUST_0792,2025-08-09,95.76
INV_361674,CUST_0625,2025-02-15,26.42
INV_185001,CUST_0208,2025-12-15,72.6
INV_298715,CUST_0329,2025-07-06,26.1
INV_506529,CUST_0761,2025-09-27,56.3
INV_662886,CUST_0536,2025-07-25,113.7
INV_181060,CUST_0356,2025-04-24,61.0
INV_361401,CUST_0998,2025-08-10,57.19
INV_245152,,2025-01-04,93.9
INV_120874,CUST_0747,2025-11-02,126.79
INV_965847,CUST_0074,2025-07-06,43.67
INV_718636,CUST_0623,2025-08-06,64.84
INV_555040,CUST_0265,2025-05-19,25.24
INV_735861,CUST_0630,2025-07-17,7.52
INV_958099,CUST_0805,2025-06-24,9.74
INV_767972,CUST_0974,2025-05-08,27.23
INV_938569,CUST_0442,2025-10-19,13.42
INV_901693,CUST_0560,2025-07-21,101.08
INV_813280,CUST_0917,2025-03-01,72.4
INV_571449,CUST_0239,2025-10-16,45.51
INV_753668,CUST_0461,2025-02-28,103.29
INV_975952,,2025-10-24,39.06
INV_693975,CUST_0048,2025-11-24,142.15
INV_585375,CUST_0577,2025-09-25,65.17
INV_952224,CUST_0902,2025-03-30,10.49
INV_576818,CUST_0672,2025-08-22,109.26
INV_299824,CUST_0316,2025-01-02,80.29
INV_350699,CUST_0956,2025-03-02,105.92
INV_263377,CUST_0444,2025-05-11,63.81
INV_953161,CUST_0964,2025-06-27,14.89
INV_217907,CUST_0271,2025-12-02,21.29
INV_688879,CUST_0230,2025-10-07,211.9
INV_897783,CUST_0606,2025-08-14,33.81
INV_228381,CUST_0713,2025-08-02,19.41
INV_849362,CUST_0601,2025-03-02,17.98
INV_588121,CUST_0539,2025-08-02,18.37
INV_769727,CUST_0543,2025-08-07,12.13
INV_710108,CUST_0160,2025-08-25,10.11
INV_583075,CUST_0558,2025-12-07,19.5
INV_828734,CUST_0987,2025-11-04,55.29
INV_554581,CUST_0715,2025-04-22,39.52
INV_637068,CUST_0822,2025-04-29,37.74
INV_451637,,2025-08-15,34.81
INV_277946,CUST_0117,2025-02-12,75.09
INV_964899,CUST_0549,2025-10-29,9.44
INV_382488,CUST_0336,2025-12-02,196.23
INV_812345,CUST_0740,2025-05-27,196.27
INV_543035,CUST_0662,2025-02-27,19.51
INV_763440,CUST_0449,2025-12-22,29.75
INV_851240,CUST_0680,2025-06-15,15.03
INV_592545,CUST_0461,2025-07-08,12.53
INV_856349,CUST_0618,2025-12-30,23.43
INV_462470,CUST_0170,2025-07-24,13.3
INV_145708,CUST_0472,2025-07-14,27.78
INV_421516,CUST_0275,2025-01-07,11.71
INV_233692,CUST_0566,2025-04-14,75.22
INV_834750,CUST_0599,2025-09-15,59.83
INV_618534,CUST_0801,2025-03-21,8.6
INV_961309,CUST_0896,2025-10-14,8.63
INV_781908,CUST_0494,2025-02-16,44.44
INV_402553,CUST_0619,2025-10-02,13.69
INV_834769,CUST_0134,2025-04-17,20.44
INV_297173,CUST_0849,2025-04-05,14.84
INV_174723,CUST_0886,2025-09-11,27.84
INV_865110,CUST_0059,2025-06-13,38.31
INV_892515,CUST_0569,2025-05-25,11.72
INV_889012,CUST_0311,2025-02-14,20.7
INV_895818,CUST_0979,2025-01-21,59.9
INV_133545,CUST_0948,2025-03-08,16.53
INV_217827,CUST_0832,2025-08-20,33.9
INV_887506,CUST_0506,2025-01-28,31.69
INV_516363,CUST_0693,2025-09-17,41.2
INV_155479,CUST_0963,2025-03-15,56.54
INV_339423,CUST_0023,2025-10-01,18.46
INV_520331,CUST_0501,2025-07-05,18.13
INV_411896,CUST_0513,2025-05-11,40.57
INV_541209,CUST_0417,2025-04-10,13.63
INV_413760,CUST_0858,2025-08-29,13.98
INV_322036,CUST_0918,2025-06-25,62.89
INV_435076,CUST_0233,2025-05-31,15.79
INV_685768,CUST_0171,2025-08-11,42.09
INV_832426,CUST_0122,2025-08-15,58.35
INV_808032,CUST_0541,2025-09-04,49.61
INV_972109,CUST_0756,2025-03-02,24.89
INV_467482,CUST_0945,2025-10-05,28.1
INV_391813,CUST_0142,2025-02-13,28.54
INV_855110,CUST_0497,2025-02-24,88.04
INV_245093,CUST_0417,2025-06-10,84.15
INV_312079,CUST_0671,2025-03-21,8.41
INV_869673,CUST_0558,2025-12-19,38.44
INV_940268,CUST_0472,2025-03-15,42.85
INV_366145,CUST_0387,2025-07-06,26.4
INV_585260,CUST_0433,2025-03-28,64.22
INV_771810,CUST_0737,2025-09-05,153.97
INV_419957,CUST_0573,2025-11-23,12.71
INV_226865,CUST_0493,2025-07-08,15.9
INV_967424,CUST_0608,2025-11-08,49.14
INV_323687,CUST_0965,2025-04-23,18.27
INV_481856,CUST_0463,2025-05-12,88.01
INV_710937,CUST_0121,2025-07-16,78.24
INV_909471,CUST_0794,2025-09-17,20.66
INV_159155,CUST_0474,2025-06-10,127.46
INV_379934,CUST_0528,2025-06-22,8.53
INV_412094,CUST_0218,2025-03-28,37.65
INV_574857,CUST_0500,2025-02-11,19.8
INV_933160,CUST_0841,2025-05-11,25.16
INV_882065,CUST_0106,2025-06-28,151.36
INV_137271,CUST_0846,2025-08-14,47.12
INV_201999,CUST_0457,2025-05-21,32.6
INV_940597,CUST_0639,2025-01-21,13.22
INV_725107,CUST_0203,2025-03-26,77.52
INV_867768,CUST_0072,2025-10-25,87.44
INV_885427,CUST_0473,2025-09-15,73.99
INV_331749,CUST_0490,2025-08-21,15.71
INV_331773,CUST_0529,2025-03-30,20.6
INV_497751,CUST_0084,2025-03-28,138.57
INV_553028,CUST_0740,2025-09-21,41.54
INV_464716,CUST_0493,2025-05-01,16.91
INV_110207,CUST_0004,2025-12-08,45.86
INV_554623,CUST_0472,2025-04-20,56.55
INV_141340,CUST_0583,2025-10-16,23.08
INV_699608,CUST_0268,2025-01-11,121.09
INV_373363,CUST_0166,2025-07-07,9.23
INV_906479,CUST_0184,2025-09-27,62.7
INV_800251,CUST_0192,2025-11-16,15.81
INV_706304,CUST_0637,2025-12-02,52.3
INV_373672,CUST_0496,2025-10-02,30.06
INV_448152,CUST_0009,2025-10-10,41.91
INV_802076,CUST_0813,2025-01-08,18.8
INV_622757,CUST_0123,2025-02-02,10.97
INV_203088,CUST_0809,2025-01-05,65.58
INV_865372,CUST_0850,2025-11-17,215.75
INV_666966,CUST_0136,2025-01-25,67.24
INV_287486,CUST_0680,2025-12-04,76.99
INV_477784,CUST_0545,2025-04-21,24.87
INV_194702,CUST_0231,2025-09-29,73.94
INV_823380,CUST_0038,2025-05-15,49.02
INV_796314,CUST_0831,2025-12-11,90.14
INV_356587,CUST_0912,2025-11-04,53.29
INV_294904,CUST_0657,2025-08-17,167.16
INV_139080,CUST_0269,2025-11-24,58.27
INV_709493,CUST_0771,2025-08-15,26.7
INV_876230,CUST_0562,2025-07-29,111.65
INV_708481,CUST_0859,2025-04-10,9.38
INV_725686,CUST_0558,2025-03-08,89.37
INV_465500,CUST_0999,2025-04-04,12.47
INV_832943,CUST_0919,2025-02-23,108.48
INV_115588,CUST_0553,2025-04-08,27.29
INV_816502,CUST_0317,2025-03-27,60.08
INV_691795,CUST_0886,2025-04-10,37.23
INV_114677,CUST_0258,2025-06-27,14.68
INV_429408,CUST_0171,2025-11-29,82.69
INV_941676,CUST_0465,2025-09-25,64.2
INV_460701,CUST_0095,2025-05-05,15.15
INV_892644,CUST_0007,2025-08-04,90.48
INV_456440,CUST_0081,2025-01-30,27.41
INV_485289,CUST_0915,2025-07-27,65.84
INV_316351,CUST_0912,2025-10-20,26.36
INV_100209,,2025-04-20,172.27
INV_209920,CUST_0888,2025-06-03,130.0
INV_367751,CUST_0157,2025-09-18,10.94
INV_773954,CUST_0131,2025-03-08,41.46
INV_198662,CUST_0015,2025-08-20,68.05
INV_473221,CUST_0850,2025-11-27,15.85
INV_803454,CUST_0808,2025-11-26,67.83
INV_972590,CUST_0147,2025-09-16,47.95
INV_448249,CUST_0993,2025-08-23,31.58
INV_461548,CUST_0720,2025-06-13,21.33
INV_910586,CUST_0673,2025-01-05,70.03
INV_668806,CUST_0599,2025-09-27,60.91
INV_216189,CUST_0339,2025-06-24,7.79
INV_223980,CUST_0723,2025-04-05,90.19
INV_435689,CUST_0718,2025-11-12,22.25
INV_576186,CUST_0624,2025-12-17,146.19
INV_644444,CUST_0070,2025-08-06,14.4
INV_801696,CUST_0845,2025-11-02,31.04
INV_585825,CUST_0296,2025-01-22,45.17
INV_151786,CUST_0552,2025-02-07,12.05
INV_527195,CUST_0721,2025-07-02,35.45
INV_345191,CUST_0776,2025-03-27,14.35
INV_504062,CUST_0137,2025-12-12,26.31
INV_769242,CUST_0838,2025-09-02,118.23
INV_796343,CUST_0403,2025-01-28,46.52
INV_588409,CUST_0624,2025-10-27,15.56
INV_917585,CUST_0223,2025-04-30,213.56
INV_363356,CUST_0937,2025-10-08,9.64
INV_443288,CUST_0578,2025-10-25,56.36
INV_781214,CUST_0588,2025-05-17,83.52
INV_461788,CUST_0476,2025-10-21,20.28
INV_740337,CUST_0174,2025-12-11,103.56
INV_405607,CUST_0628,2025-03-21,50.32
INV_774502,CUST_0269,2025-04-29,131.37
INV_393362,CUST_0529,2025-10-15,77.29
INV_133205,CUST_0441,2025-09-26,64.63
INV_783524,CUST_0541,2025-01-22,20.38
INV_908036,CUST_0762,2025-06-12,8.67
INV_202537,,2025-06-12,33.38
INV_331704,CUST_0578,2025-07-17,8.91
INV_853158,CUST_0684,2025-11-12,22.71
INV_727797,CUST_0686,2025-05-31,26.33
INV_624154,CUST_0397,2025-09-10,58.62
INV_806050,CUST_0915,2025-02-02,32.71
INV_811451,CUST_0859,2025-11-04,17.73
INV_296349,CUST_0070,2025-11-09,19.47
INV_148068,CUST_0481,2025-05-24,80.07
INV_386539,CUST_0425,2025-08-22,24.54
INV_351227,CUST_0325,2025-12-23,218.06
INV_776706,CUST_0798,2025-01-18,20.86
INV_630235,CUST_0922,2025-08-19,10.12
INV_980670,CUST_0402,2025-08-13,35.19
INV_562176,CUST_0869,2025-02-28,20.66
INV_855679,CUST_0935,2025-08-23,45.15
INV_272905,CUST_0530,2025-08-14,31.38
INV_700139,CUST_0566,2025-09-02,94.32
INV_733976,CUST_0547,2025-09-24,25.92
INV_254195,CUST_0836,2025-01-25,30.88
INV_510789,CUST_0114,2025-08-11,17.89
INV_479989,CUST_0703,2025-06-24,34.87
INV_970093,CUST_0574,2025-11-16,29.23
INV_154796,CUST_0617,2025-11-14,19.65
INV_869646,CUST_0675,2025-02-12,35.62
INV_594735,CUST_0717,2025-09-13,87.81
INV_131017,CUST_0658,2025-10-28,8.12
INV_500850,CUST_0233,2025-09-28,89.01
INV_625679,CUST_0235,2025-06-14,32.1
INV_389258,CUST_0695,2025-11-29,56.24
INV_820252,CUST_0619,2025-08-11,17.44
INV_100799,CUST_0696,2025-07-04,24.62
INV_387555,CUST_0364,2025-07-21,32.8
INV_614111,CUST_0639,2025-05-15,48.7
INV_186928,CUST_0491,2025-05-15,134.24
INV_905231,CUST_0706,2025-04-20,8.2
INV_497477,CUST_0436,2025-01-04,29.64
INV_823486,,2025-01-17,39.84
INV_942606,CUST_0205,2025-07-26,30.05
INV_753288,CUST_0101,2025-11-14,14.84
INV_187212,CUST_0923,2025-09-04,11.02
INV_114716,CUST_0502,2025-02-04,92.5
INV_598665,CUST_0870,2025-01-21,104.8
INV_987766,CUST_0609,2025-11-03,75.98
INV_739218,CUST_0333,2025-05-07,9.53
INV_323734,CUST_0861,2025-03-29,23.06
INV_251786,CUST_0727,2025-04-02,38.0
INV_461998,CUST_0696,2025-02-07,66.83
INV_834303,CUST_0769,2025-05-15,7.61
INV_192508,CUST_0713,2025-01-26,13.32
INV_778283,CUST_0756,2025-12-24,54.46
INV_801506,CUST_0351,2025-02-20,24.47
INV_398663,CUST_0641,2025-06-04,52.06
INV_789622,CUST_0481,2025-05-22,66.12
INV_370774,CUST_0621,2025-03-20,21.2
INV_854108,CUST_0531,2025-05-07,26.98
INV_200591,CUST_0966,2025-07-26,36.53
INV_537680,CUST_0266,2025-07-01,111.69
INV_931659,CUST_0913,2025-08-24,163.55
INV_216481,CUST_0494,2025-11-07,56.51
INV_882702,CUST_0676,2025-05-27,10.44
INV_919407,CUST_0550,2025-05-11,86.31
INV_804989,CUST_0450,2025-04-05,87.66
INV_244867,CUST_0683,2025-09-07,72.34
INV_956899,CUST_0733,2025-01-24,13.71
INV_251606,CUST_0640,2025-04-03,13.69
INV_205682,CUST_0989,2025-06-07,49.2
INV_463634,CUST_0666,2025-10-20,189.94
INV_117529,CUST_0949,2025-06-07,8.36
INV_511512,CUST_0299,2025-09-20,15.01
INV_943214,CUST_0841,2025-10-24,66.71
INV_608898,CUST_0438,2025-05-07,50.51
INV_718815,CUST_0091,2025-01-08,24.18
INV_687426,CUST_0394,2025-09-26,76.45
INV_524861,CUST_0061,2025-09-21,89.58
INV_717985,CUST_0470,2025-05-29,21.91
INV_300015,CUST_0690,2025-07-13,21.86
INV_465208,CUST_0435,2025-07-15,23.06
INV_485296,CUST_0670,2025-12-28,26.56
INV_923219,CUST_0154,2025-09-06,30.84
INV_746231,CUST_0816,2025-10-03,20.89
INV_842147,CUST_0799,2025-05-10,89.8
INV_760715,CUST_0241,2025-05-21,30.4
INV_319678,CUST_0128,2025-07-19,36.34
INV_711561,CUST_0502,2025-05-18,65.26
INV_454451,CUST_0714,2025-10-06,90.48
INV_218642,CUST_0970,2025-01-29,34.77
INV_501468,CUST_0942,2025-06-11,86.25
INV_984735,CUST_0125,2025-03-12,81.32
INV_738172,CUST_0876,2025-08-31,20.18
INV_706289,CUST_0473,2025-01-21,12.19
INV_195494,CUST_0856,2025-01-10,41.81
INV_804537,CUST_0657,2025-07-11,135.75
INV_114126,CUST_0783,2025-02-02,12.28
INV_316651,CUST_0607,2025-02-04,36.21
INV_408792,CUST_0891,2025-09-06,12.89
INV_538092,CUST_0032,2025-11-15,60.67
INV_498471,CUST_0604,2025-01-01,27.47
INV_404603,CUST_0196,2025-05-13,36.98
INV_589987,CUST_0807,2025-10-06,13.39
INV_430724,CUST_0638,2025-06-24,15.87
INV_306598,CUST_0952,2025-04-15,7.95
INV_563609,CUST_0049,2025-01-16,34.33
INV_547392,CUST_0855,2025-12-20,13.76
INV_183030,CUST_0794,2025-03-07,59.61
INV_794025,CUST_0553,2025-07-05,49.82
INV_363894,CUST_0783,2025-02-11,37.45
INV_236817,CUST_0507,2025-01-17,75.16
INV_816896,CUST_0292,2025-10-19,56.14
INV_989589,CUST_0887,2025-04-05,92.98
INV_828829,CUST_0918,2025-03-18,33.86
INV_606199,CUST_0221,2025-09-19,14.0
INV_675100,CUST_0989,2025-09-16,11.4
INV_125395,CUST_0700,2025-09-11,12.92
INV_828408,CUST_0747,2025-09-07,72.28
INV_669798,CUST_0584,2025-08-23,80.19
INV_993155,CUST_0906,2025-04-25,32.63
INV_558253,CUST_0834,2025-12-12,73.72
INV_247733,CUST_0528,2025-02-11,56.49
INV_171240,CUST_0836,2025-01-19,68.17
INV_926641,CUST_0403,2025-11-06,41.46
INV_769800,CUST_0407,2025-03-26,13.15
INV_904253,CUST_0324,2025-10-08,26.07
INV_817884,CUST_0429,2025-05-03,129.55
INV_843681,CUST_0612,2025-11-03,40.55
INV_424787,CUST_0486,2025-01-05,36.52
INV_114588,CUST_0342,2025-05-13,24.24
INV_261929,CUST_0265,2025-04-03,42.34
INV_446418,CUST_0208,2025-05-05,62.21
INV_893476,CUST_0266,2025-05-14,43.55
INV_129882,CUST_0378,2025-07-10,23.9
INV_450129,CUST_0831,2025-03-30,19.94
INV_656831,CUST_0132,2025-12-26,109.2
INV_503273,CUST_0376,2025-06-28,16.5
INV_473519,CUST_0034,2025-03-11,30.66
INV_943224,CUST_0059,2025-06-30,36.93
INV_904061,CUST_0095,2025-10-24,132.44
INV_164829,CUST_0615,2025-02-23,9.92
INV_596195,CUST_0867,2025-12-15,17.25
INV_434738,CUST_0540,2025-10-01,17.48
INV_384293,CUST_0823,2025-04-29,53.24
INV_471178,CUST_0641,2025-01-08,17.43
INV_259423,CUST_0341,2025-10-08,98.72
INV_945684,CUST_0249,2025-08-23,10.72
INV_547095,CUST_0394,2025-11-08,219.4
INV_704281,CUST_0583,2025-01-17,131.29
INV_844261,CUST_0892,2025-01-10,8.4
INV_130653,CUST_0273,2025-11-02,25.86
INV_815463,,2025-08-29,26.94
INV_320375,CUST_0728,2025-07-24,22.89
INV_772634,CUST_0080,2025-09-24,59.28
INV_335020,CUST_0547,2025-10-16,131.87
INV_839280,CUST_0202,2025-08-17,73.84
INV_888326,CUST_0448,2025-01-01,10.21
INV_173527,CUST_0266,2025-05-08,16.1
INV_783019,CUST_0080,2025-06-14,110.28
INV_469775,,2025-10-31,39.29
INV_114633,CUST_0723,2025-08-27,23.24
INV_223425,CUST_0317,2025-02-27,80.9
INV_280160,CUST_0775,2025-12-31,110.14
INV_567002,CUST_0474,2025-08-15,46.71
INV_572243,CUST_0251,2025-12-01,47.55
INV_411416,CUST_0719,2025-12-10,34.56
INV_692735,CUST_0765,2025-04-03,12.8
INV_924765,CUST_0800,2025-11-05,62.09
INV_910993,CUST_0388,2025-03-27,14.95
INV_643628,CUST_0626,2025-07-03,8.61
INV_317986,CUST_0318,2025-02-23,59.39
INV_615518,CUST_0293,2025-10-20,47.72
INV_218171,CUST_0803,2025-06-29,77.91
INV_884627,CUST_0508,2025-08-10,7.98
INV_411207,CUST_0420,2025-06-03,12.41
INV_745687,CUST_0647,2025-11-09,25.36
INV_694571,CUST_0638,2025-06-08,36.58
INV_685894,CUST_0176,2025-04-18,24.85
INV_916309,CUST_0460,2025-12-23,50.05
INV_395625,CUST_0634,2025-11-30,38.22
INV_969559,CUST_0093,2025-11-25,54.64
INV_442368,CUST_0095,2025-09-30,30.34
INV_230066,CUST_0930,2025-09-22,8.65
INV_653098,CUST_0743,2025-05-14,47.38
INV_785865,CUST_0637,2025-07-23,112.63
INV_904371,CUST_0525,2025-09-12,34.17
INV_752356,CUST_0562,2025-06-13,10.81
INV_591513,CUST_0037,2025-09-10,88.96
INV_129873,CUST_0867,2025-06-17,61.42
INV_108328,CUST_0809,2025-10-28,77.36
INV_897700,CUST_0190,2025-05-08,19.87
INV_796101,CUST_0972,2025-09-14,17.61
INV_853266,CUST_0243,2025-10-02,71.4
INV_816369,CUST_0707,2025-12-09,36.65
INV_834459,CUST_0666,2025-05-21,96.06
INV_527499,CUST_0855,2025-11-07,11.19
INV_447608,CUST_0575,2025-12-13,12.51
INV_390157,CUST_0382,2025-10-07,17.88
INV_783444,CUST_0933,2025-04-04,18.16
INV_329415,CUST_0336,2025-06-01,112.53
INV_950500,CUST_0359,2025-03-03,16.27
INV_804177,CUST_0398,2025-09-02,32.94
INV_288874,CUST_0701,2025-09-17,134.83
INV_291082,CUST_0529,2025-12-07,76.69
INV_335892,CUST_0816,2025-06-22,16.42
INV_185637,CUST_0417,2025-01-31,9.58
INV_687371,CUST_0108,2025-03-13,35.89
INV_718312,CUST_0821,2025-09-29,9.77
INV_639775,CUST_0586,2025-09-13,72.2
INV_161596,,2025-08-23,107.72
INV_929119,CUST_0454,2025-02-28,15.27
INV_233332,CUST_0024,2025-03-21,34.68
INV_399355,CUST_0900,2025-12-14,34.18
INV_449760,CUST_0849,2025-03-12,12.9
INV_288088,CUST_0221,2025-11-04,60.09
INV_360705,CUST_0719,2025-04-09,35.97
INV_364418,CUST_0554,2025-05-19,19.08
INV_120044,CUST_0423,2025-03-13,26.24
INV_645501,CUST_0045,2025-12-09,93.64
INV_424888,CUST_0927,2025-04-02,57.5
INV_545292,CUST_0364,2025-06-28,148.31
INV_471427,CUST_0902,2025-10-07,151.5
INV_206147,CUST_0371,2025-09-22,10.5
INV_452559,CUST_0870,2025-06-17,34.4
INV_695113,CUST_0703,2025-11-21,38.6
INV_810669,CUST_0375,2025-02-14,91.77
INV_347174,CUST_0743,2025-06-06,18.07
INV_614539,CUST_0549,2025-02-22,10.6
INV_870802,CUST_0550,2025-07-06,34.28
INV_293242,CUST_0300,2025-10-30,74.11
INV_181147,CUST_0828,2025-03-31,9.71
INV_283208,CUST_0008,2025-09-13,15.67
INV_214427,CUST_0131,2025-08-12,45.67
INV_588633,CUST_0608,2025-01-26,8.02
INV_179876,CUST_0484,2025-06-17,13.09
INV_555884,CUST_0589,2025-06-09,99.83
INV_668728,CUST_0767,2025-01-11,9.63
INV_810349,CUST_0936,2025-02-01,154.07
INV_466042,CUST_0387,2025-08-16,8.51
INV_105914,CUST_0724,2025-08-27,10.85
INV_965048,CUST_0757,2025-02-14,55.26
INV_520576,CUST_0234,2025-07-08,47.37
INV_290093,CUST_0942,2025-05-22,95.55
INV_188919,CUST_0449,2025-03-21,22.19
INV_789608,CUST_0177,2025-08-31,33.72
INV_402905,CUST_0440,2025-02-25,67.94
INV_705191,CUST_0419,2025-03-29,148.9
INV_528583,CUST_0477,2025-08-03,59.57
INV_937876,CUST_0497,2025-07-01,80.73
INV_792378,CUST_0478,2025-11-05,33.33
INV_595926,CUST_0175,2025-12-02,157.16
INV_785459,CUST_0993,2025-10-27,22.4
INV_431356,CUST_0813,2025-07-11,100.45
INV_495252,CUST_0990,2025-08-06,40.77
INV_160204,CUST_0999,2025-10-30,29.89
INV_510275,CUST_0077,2025-01-09,31.98
INV_848870,CUST_0525,2025-12-13,72.81
INV_812252,CUST_0712,2025-03-17,11.57
INV_276282,CUST_1000,2025-09-02,133.05
INV_237559,CUST_0257,2025-09-01,25.73
INV_902792,CUST_0277,2025-06-10,15.89
INV_606805,CUST_0259,2025-11-03,24.15
INV_845658,CUST_0464,2025-09-03,14.99
INV_836661,CUST_0774,2025-09-30,48.31
INV_280786,CUST_0408,2025-05-05,122.84
INV_281417,CUST_0178,2025-05-19,63.61
INV_741404,CUST_0039,2025-03-10,14.73
INV_277043,,2025-10-04,123.05
INV_616939,CUST_0527,2025-11-21,15.49
INV_686373,CUST_0574,2025-04-29,15.17
INV_686759,CUST_0455,2025-01-26,37.59
INV_479028,CUST_0969,2025-01-04,29.87
INV_630338,,2025-01-25,115.64
INV_424792,CUST_0945,2025-02-12,77.16
INV_580579,CUST_0554,2025-04-02,14.09
INV_410112,CUST_0565,2025-03-25,67.11
INV_967415,CUST_0920,2025-07-16,13.64
INV_983237,CUST_0747,2025-08-20,30.34
INV_123446,CUST_0976,2025-02-21,80.51
INV_244526,CUST_0396,2025-08-09,12.03
INV_566196,CUST_0861,2025-12-29,54.51
INV_205935,CUST_0271,2025-01-14,229.71
INV_353978,CUST_0527,2025-08-22,48.03
INV_952019,CUST_0471,2025-04-03,56.6
INV_325075,CUST_0319,2025-06-30,59.32
INV_499273,CUST_0875,2025-02-12,42.64
INV_868254,CUST_0260,2025-07-16,24.5
INV_735869,CUST_0732,2025-12-02,33.91
INV_309137,CUST_0900,2025-09-12,21.57
INV_737547,,2025-07-17,58.44
INV_915697,CUST_0453,2025-07-31,18.44
INV_493471,CUST_0595,2025-05-11,104.83
INV_957398,CUST_0479,2025-02-18,80.98
INV_691684,CUST_0407,2025-10-17,72.25
INV_156731,CUST_0015,2025-06-24,24.18
INV_171326,CUST_0259,2025-04-12,30.7
INV_544580,CUST_0045,2025-10-28,42.72
INV_631520,CUST_0193,2025-01-09,28.06
INV_630201,CUST_0387,2025-10-09,38.43
INV_662667,CUST_0791,2025-01-30,15.06
INV_847386,CUST_0217,2025-11-16,52.32
INV_305459,CUST_0105,2025-07-03,53.51
INV_962132,CUST_0617,2025-02-16,25.47
INV_714333,CUST_0641,2025-09-15,12.55
INV_319162,CUST_0462,2025-03-13,186.16
INV_844700,,2025-09-28,53.98
INV_556120,CUST_0385,2025-03-01,16.43
INV_968447,CUST_0771,2025-05-26,8.43
INV_159622,CUST_0989,2025-03-30,96.73
INV_505737,CUST_0968,2025-10-02,35.84
INV_661133,CUST_0278,2025-06-15,31.19
INV_180722,CUST_0803,2025-04-17,44.01
INV_141722,CUST_0394,2025-05-23,105.66
INV_711340,,2025-11-29,31.87
INV_978383,CUST_0457,2025-04-08,23.94
INV_588075,CUST_0711,2025-01-01,64.56
INV_260811,CUST_0149,2025-02-13,31.45
INV_878492,CUST_0078,2025-08-14,28.4
INV_205153,CUST_0132,2025-05-24,145.4
INV_845459,CUST_0035,2025-10-02,9.13
INV_688738,CUST_0243,2025-09-21,153.51
INV_211126,CUST_0678,2025-01-29,16.29
INV_665273,,2025-02-15,10.46
INV_378849,CUST_0266,2025-06-24,38.48
INV_933054,CUST_0579,2025-05-15,15.9
INV_246075,CUST_0586,2025-01-19,63.19
INV_321516,CUST_0147,2025-03-28,7.92
INV_484533,CUST_0555,2025-11-02,47.13
INV_430080,CUST_0982,2025-04-11,49.44
INV_676395,CUST_0300,2025-06-19,55.82
INV_300144,CUST_0130,2025-06-05,40.43
INV_876903,CUST_0090,2025-03-08,10.44
INV_814075,CUST_0980,2025-11-28,45.84
INV_932440,CUST_0233,2025-09-23,51.94
INV_756986,CUST_0481,2025-08-02,69.56
INV_264714,CUST_0704,2025-12-01,57.95
INV_921307,CUST_0424,2025-04-11,81.29
INV_296322,CUST_0482,2025-09-07,88.02
INV_958075,CUST_0874,2025-02-02,8.95
INV_572919,CUST_0165,2025-12-11,85.59
INV_119659,CUST_0917,2025-10-14,65.87
INV_907856,CUST_0684,2025-01-12,51.44
INV_824155,CUST_0756,2025-06-01,27.3
INV_127209,CUST_0907,2025-01-13,14.97
INV_717542,CUST_0768,2025-10-03,29.44
INV_847562,CUST_0590,2025-10-11,34.24
INV_805314,CUST_0520,2025-01-13,47.7
INV_902364,CUST_0535,2025-10-29,32.94
INV_801347,CUST_0115,2025-11-16,50.74
INV_951118,CUST_0963,2025-11-21,13.44
INV_770655,CUST_0851,2025-01-02,69.51
INV_883413,CUST_0502,2025-11-30,87.8
INV_846103,CUST_0458,2025-03-08,19.29
INV_268157,CUST_0703,2025-10-31,67.54
INV_965144,CUST_0533,2025-06-07,40.83
INV_850244,CUST_0884,2025-08-23,80.86
INV_725710,CUST_0589,2025-03-26,30.38
INV_245931,CUST_0213,2025-02-28,44.06
INV_354809,CUST_0704,2025-01-06,13.58
INV_548781,CUST_0261,2025-03-14,22.19
INV_896787,CUST_0940,2025-12-28,82.7
INV_260786,CUST_0538,2025-02-22,55.9
INV_358466,CUST_0815,2025-10-06,38.32
INV_358308,CUST_0991,2025-11-05,12.93
INV_592281,CUST_0528,2025-09-30,39.53
INV_948503,CUST_0224,2025-09-13,33.37
INV_597721,CUST_0706,2025-04-21,37.24
INV_992135,CUST_0093,2025-08-09,72.4
INV_782357,CUST_0774,2025-12-30,14.65
INV_290477,CUST_0622,2025-03-29,22.41
INV_570223,,2025-10-23,15.1
INV_279354,CUST_0813,2025-07-18,30.63
INV_548032,CUST_0590,2025-03-19,51.08
INV_375875,CUST_0812,2025-10-03,47.2
INV_673404,CUST_0007,2025-06-09,35.2
INV_114551,,2025-08-02,23.65
INV_430057,CUST_0104,2025-08-03,102.36
INV_389596,CUST_0848,2025-07-22,29.41
INV_213535,CUST_0198,2025-08-04,21.18
INV_996165,CUST_0435,2025-11-28,55.44
INV_668422,CUST_0318,2025-10-01,136.86
INV_233021,CUST_0960,2025-11-29,46.99
INV_613676,CUST_0245,2025-11-01,27.04
INV_407736,CUST_0418,2025-12-22,19.96
INV_133298,CUST_0706,2025-04-10,66.83
INV_209599,CUST_0682,2025-10-01,226.16
INV_449525,CUST_0661,2025-09-23,121.22
INV_556791,CUST_0013,2025-07-02,14.51
INV_746052,CUST_0940,2025-02-15,242.12
INV_642301,CUST_0531,2025-08-08,12.48
INV_825735,CUST_0967,2025-09-08,83.95
INV_803060,CUST_0046,2025-02-15,65.37
INV_764956,CUST_0831,2025-11-24,45.02
INV_297118,CUST_0157,2025-12-09,53.15
INV_998436,CUST_0333,2025-11-28,57.6
INV_174442,CUST_0487,2025-11-27,44.46
INV_233726,CUST_0315,2025-08-27,25.72
INV_613644,CUST_0991,2025-05-21,84.02
INV_409181,CUST_0362,2025-12-11,9.06
INV_927767,CUST_0847,2025-01-16,27.32
INV_770979,CUST_0742,2025-04-18,32.7
INV_484474,CUST_0824,2025-11-16,21.81
INV_868230,CUST_0607,2025-02-25,38.14
INV_633703,CUST_0884,2025-01-09,38.95
INV_557291,CUST_0846,2025-06-10,11.01
INV_116259,CUST_0953,2025-05-21,26.1
INV_373949,CUST_0596,2025-02-17,51.85
INV_277125,CUST_0285,2025-05-16,12.82
INV_490503,CUST_0282,2025-02-19,66.8
INV_374535,CUST_0440,2025-09-27,81.07
INV_396508,CUST_0766,2025-04-05,14.5
INV_324402,CUST_0480,2025-09-25,33.9
INV_447962,CUST_0940,2025-08-28,96.66
INV_228165,CUST_0293,2025-01-25,86.72
INV_625957,CUST_0939,2025-09-07,48.02
INV_680074,CUST_0985,2025-10-06,27.37
INV_881537,CUST_0908,2025-05-21,19.11
INV_490449,CUST_0902,2025-03-04,17.88
INV_370855,CUST_0254,2025-06-29,11.65
INV_972910,CUST_0616,2025-08-13,24.42
INV_856141,CUST_0228,2025-07-07,12.97
INV_814166,CUST_0022,2025-12-09,23.77
INV_193708,CUST_0179,2025-03-27,86.03
INV_651741,CUST_0540,2025-03-25,22.16
INV_623526,,2025-12-09,7.74
INV_662345,,2025-10-20,101.12
INV_369289,CUST_0598,2025-05-13,18.35
INV_779290,CUST_0855,2025-09-09,17.1
INV_836664,CUST_0201,2025-04-17,8.03
INV_557864,CUST_0601,2025-05-05,80.75
INV_843766,CUST_0759,2025-06-15,32.45
INV_430048,CUST_0945,2025-03-09,48.34
INV_629896,CUST_0822,2025-12-15,32.76
INV_600812,CUST_0492,2025-04-10,54.15
INV_157560,CUST_0647,2025-06-22,70.77
INV_476606,CUST_0376,2025-07-27,34.86
INV_380141,CUST_0768,2025-01-12,61.16
INV_664596,CUST_0435,2025-06-21,59.95
INV_682787,CUST_0273,2025-06-28,58.75
INV_552532,CUST_0855,2025-09-29,12.07
INV_161836,CUST_0853,2025-04-19,178.67
INV_383083,CUST_0180,2025-02-27,9.68
INV_546021,CUST_0061,2025-05-01,93.52
INV_916196,CUST_0017,2025-01-20,15.43
INV_162157,CUST_0727,2025-06-10,22.7
INV_748576,CUST_0145,2025-02-26,55.97
INV_118781,CUST_0269,2025-07-06,50.67
INV_992466,CUST_0110,2025-05-18,21.82
INV_920178,CUST_0476,2025-03-28,41.81
INV_495459,CUST_0042,2025-08-07,29.15
INV_435983,CUST_0760,2025-06-15,28.16
INV_120505,CUST_0765,2025-07-18,26.76
INV_144348,CUST_0410,2025-09-03,44.48
INV_234607,CUST_0532,2025-04-16,64.71
INV_352299,CUST_0246,2025-03-22,62.04
INV_659367,CUST_0522,2025-11-17,14.56
INV_362063,CUST_0661,2025-10-05,32.39
INV_146105,CUST_0172,2025-09-22,8.87
INV_101049,CUST_0469,2025-12-16,32.98
INV_136534,CUST_0034,2025-09-21,84.44
INV_529223,CUST_0875,2025-08-30,89.9
INV_461317,CUST_0631,2025-05-23,142.85
INV_682438,CUST_0407,2025-03-03,23.27
INV_673374,CUST_0911,2025-02-22,82.66
INV_723756,CUST_0476,2025-03-21,39.09
INV_593857,CUST_0620,2025-10-30,27.91
INV_988178,CUST_0209,2025-06-14,12.59
INV_132175,CUST_0832,2025-06-01,68.25
INV_492544,CUST_0268,2025-05-31,9.58
INV_610559,CUST_0377,2025-05-21,26.06
INV_133593,CUST_0941,2025-08-15,70.78
INV_320511,CUST_0389,2025-04-28,183.35
INV_306971,CUST_0755,2025-01-21,28.93
INV_168247,CUST_0658,2025-10-04,37.61
INV_793875,CUST_0360,2025-04-21,13.24
INV_281142,CUST_0700,2025-02-26,11.56
INV_147003,CUST_0150,2025-06-11,46.15
INV_683318,CUST_0351,2025-04-09,13.5
INV_606220,CUST_0838,2025-01-02,127.51
INV_608524,CUST_0577,2025-11-22,18.83
INV_234411,CUST_0828,2025-09-04,62.34
INV_396751,CUST_0615,2025-04-22,25.25
INV_508506,CUST_0856,2025-03-03,30.65
INV_202652,CUST_0648,2025-02-24,96.67
INV_651872,CUST_0734,2025-06-16,108.95
INV_236559,CUST_0166,2025-07-24,64.65
INV_755251,CUST_0443,2025-12-12,63.17
INV_765275,CUST_0721,2025-01-17,41.97
INV_364603,CUST_0919,2025-11-04,20.58
INV_732049,CUST_0097,2025-06-20,56.18
INV_269319,CUST_0304,2025-10-12,27.57
INV_579177,CUST_0060,2025-07-21,17.45
INV_780834,CUST_0370,2025-01-21,67.08
INV_172828,CUST_1000,2025-04-05,39.43
INV_320073,CUST_0770,2025-11-18,76.57
INV_781132,CUST_0236,2025-06-11,14.02
INV_700280,,2025-05-05,128.9
INV_294760,CUST_0817,2025-05-04,30.62
INV_318811,CUST_0454,2025-10-02,25.76
INV_422666,CUST_0867,2025-04-03,22.1
INV_212099,CUST_0328,2025-03-06,13.87
INV_839818,CUST_0647,2025-01-24,8.96
INV_750660,CUST_0273,2025-08-17,48.89
INV_204332,CUST_0730,2025-11-03,130.26
INV_830526,CUST_0944,2025-01-03,32.74
INV_395863,CUST_0873,2025-04-28,16.5
INV_956690,CUST_0034,2025-05-17,64.93
INV_571808,CUST_0525,2025-03-10,24.25
INV_759390,CUST_0089,2025-02-16,36.05
INV_361757,CUST_0692,2025-01-10,82.18
INV_850909,CUST_0134,2025-06-04,86.83
INV_120448,,2025-06-25,58.57
INV_438723,CUST_0586,2025-12-17,101.74
INV_390160,CUST_0398,2025-04-22,39.8
INV_893981,CUST_0501,2025-04-20,38.79
INV_658005,CUST_0086,2025-10-02,28.68
INV_573484,CUST_0325,2025-01-10,135.62
INV_445546,CUST_0896,2025-12-21,52.41
INV_688613,CUST_0624,2025-01-24,34.52
INV_770050,CUST_0168,2025-04-19,52.8
INV_267605,CUST_0196,2025-02-02,23.0
INV_635807,CUST_0659,2025-09-25,40.61
INV_581641,CUST_0396,2025-08-07,67.57
INV_697654,CUST_0259,2025-01-03,71.25
INV_138311,CUST_0176,2025-07-14,67.17
INV_640027,CUST_0134,2025-10-03,12.27
INV_789009,CUST_0667,2025-10-04,31.59
INV_437109,CUST_0013,2025-12-08,61.47
INV_738588,CUST_0412,2025-05-26,34.24
INV_262776,CUST_0110,2025-02-06,17.51
INV_866230,CUST_0347,2025-08-20,30.63
INV_368718,,2025-04-21,23.82
INV_115909,CUST_0542,2025-04-25,71.24
INV_390277,CUST_0595,2025-01-27,74.6
INV_473690,CUST_0372,2025-08-03,74.08
INV_846447,CUST_0259,2025-09-23,52.64
INV_777551,CUST_0913,2025-05-08,76.95
INV_597165,CUST_0645,2025-11-21,14.6
INV_659486,CUST_0050,2025-03-13,40.71
INV_888611,CUST_0016,2025-11-30,64.7
INV_249102,CUST_0996,2025-02-17,42.56
INV_946307,CUST_0932,2025-11-22,108.18
INV_643753,CUST_0550,2025-12-23,65.03
INV_842403,CUST_0233,2025-02-05,53.94
INV_381315,CUST_0044,2025-02-25,30.8
INV_109470,CUST_0114,2025-08-25,163.87
INV_235669,CUST_0466,2025-10-04,33.98
INV_732549,CUST_0441,2025-03-10,101.33
INV_170560,CUST_0067,2025-10-31,11.67
INV_438906,CUST_0548,2025-06-08,20.97
INV_288511,CUST_0584,2025-09-05,69.53
INV_328629,CUST_0384,2025-10-09,38.11
INV_906180,CUST_0529,2025-09-20,26.98
INV_836152,CUST_0294,2025-04-06,62.95
INV_522122,CUST_0810,2025-06-29,48.98
INV_515162,CUST_0952,2025-11-15,28.28
INV_127738,CUST_0941,2025-01-27,20.44
INV_161009,CUST_0854,2025-09-29,50.6
INV_418415,CUST_0899,2025-08-07,10.98
INV_376109,CUST_0582,2025-04-25,18.0
INV_784143,CUST_0422,2025-07-26,61.04
INV_390431,CUST_0417,2025-02-12,41.49
INV_566783,CUST_0185,2025-08-17,18.18
INV_983781,CUST_0444,2025-04-27,47.65
INV_847962,CUST_0622,2025-05-12,60.77
INV_923513,CUST_0601,2025-05-17,72.05
INV_674592,CUST_0688,2025-06-20,49.21
INV_664274,CUST_0057,2025-06-30,30.21
INV_914646,CUST_0368,2025-08-06,19.17
INV_241753,CUST_0257,2025-12-12,11.17
INV_520615,CUST_0841,2025-07-06,15.49
INV_839026,CUST_0762,2025-10-25,40.54
INV_893339,CUST_0025,2025-10-21,63.1
INV_499263,CUST_0060,2025-03-07,81.2
INV_648390,CUST_0106,2025-04-06,33.85
INV_523756,CUST_0168,2025-02-11,9.81
INV_796203,CUST_0204,2025-01-08,38.07
INV_440716,CUST_0043,2025-04-20,122.66
INV_609082,CUST_0868,2025-11-15,8.04
INV_979577,CUST_0649,2025-06-16,28.72
INV_550626,CUST_0071,2025-01-07,117.12
INV_926580,CUST_0493,2025-05-18,26.14
INV_339190,CUST_0181,2025-09-11,303.77
INV_321432,CUST_0697,2025-04-01,52.7
INV_567119,CUST_0638,2025-01-04,37.65
INV_437819,CUST_0723,2025-09-16,23.17
INV_717904,CUST_0703,2025-03-22,24.34
INV_671284,CUST_0470,2025-12-16,19.39
INV_928875,CUST_0868,2025-11-05,48.36
INV_235024,CUST_0345,2025-11-06,57.52
INV_404604,CUST_0561,2025-05-15,35.88
INV_936189,CUST_0269,2025-01-03,73.66
INV_262948,CUST_0358,2025-05-14,40.29
INV_550973,CUST_0312,2025-02-01,30.61
INV_586383,CUST_0025,2025-11-12,22.62
INV_676209,CUST_0826,2025-10-03,86.89
INV_655728,CUST_0444,2025-02-26,56.27
INV_485327,CUST_0368,2025-12-08,65.69
INV_402085,CUST_0764,2025-10-31,34.92
INV_176054,CUST_0930,2025-07-10,19.7
INV_591112,CUST_0382,2025-12-06,8.15
INV_259245,CUST_0160,2025-06-03,14.01
INV_349045,CUST_0180,2025-10-19,105.84
INV_355931,CUST_0150,2025-01-16,16.92
INV_864948,CUST_0253,2025-03-01,57.83
INV_821393,CUST_0731,2025-03-22,215.53
INV_957411,,2025-02-05,67.37
INV_131346,CUST_0858,2025-05-12,20.97
INV_535436,,2025-01-04,22.43
INV_953575,CUST_0535,2025-01-16,35.65
INV_115748,CUST_0816,2025-08-18,48.05
INV_753576,CUST_0720,2025-09-20,103.01
INV_516706,CUST_0338,2025-10-28,60.02
INV_323023,CUST_0152,2025-09-23,7.85
INV_167309,CUST_0163,2025-12-09,11.37
INV_659614,CUST_0199,2025-01-16,38.99
INV_971643,CUST_0788,2025-08-27,26.78
INV_676106,CUST_0766,2025-10-22,18.09
INV_369284,CUST_0295,2025-04-28,18.38
INV_914957,CUST_0763,2025-03-23,142.79
INV_326597,CUST_0012,2025-07-28,28.86
INV_541920,CUST_0911,2025-01-07,8.66
INV_312650,CUST_0614,2025-12-23,10.36
INV_134512,CUST_0077,2025-02-17,11.05
INV_564175,CUST_0209,2025-03-25,36.02
INV_281675,CUST_0994,2025-04-26,25.01
INV_900757,CUST_0559,2025-12-25,87.83
INV_955243,CUST_0053,2025-08-06,35.29
INV_362968,CUST_0556,2025-06-05,16.01
INV_373661,CUST_0569,2025-10-17,11.17
INV_832079,CUST_0180,2025-06-06,91.31
INV_372126,CUST_0289,2025-03-16,52.76
INV_879427,CUST_0777,2025-10-31,47.97
INV_753009,CUST_0480,2025-08-08,35.99
INV_668694,CUST_0188,2025-07-10,30.04
INV_551090,CUST_0086,2025-04-16,86.43
INV_990001,CUST_0047,2025-03-06,139.07
INV_862372,,2025-10-13,128.83
INV_596733,CUST_0093,2025-12-19,12.59
INV_661465,CUST_0618,2025-05-13,76.94
INV_216894,CUST_0591,2025-07-31,10.88
INV_908538,CUST_0268,2025-05-29,56.21
INV_101379,CUST_0748,2025-10-16,33.53
INV_343825,CUST_0680,2025-07-12,85.86
INV_728800,CUST_0897,2025-01-11,15.13
INV_441653,CUST_0991,2025-06-21,29.02
INV_408509,CUST_0362,2025-05-26,15.22
INV_494836,CUST_0010,2025-08-15,18.75
INV_280394,CUST_0464,2025-05-14,26.01
INV_715995,CUST_0213,2025-01-18,32.1
INV_758197,CUST_0600,2025-01-27,30.98
INV_729313,,2025-02-09,56.02
INV_784880,CUST_0680,2025-09-19,67.94
INV_963517,CUST_0870,2025-08-25,14.99
INV_987159,,2025-05-29,26.41
INV_258502,CUST_0619,2025-05-21,115.59
INV_676572,CUST_0792,2025-04-28,9.52
INV_533714,CUST_0937,2025-12-01,83.15
INV_349863,CUST_0564,2025-05-02,14.95
INV_475579,CUST_0369,2025-02-14,20.22
INV_828993,,2025-04-17,168.28
INV_225349,CUST_0849,2025-12-23,59.9
INV_175028,CUST_0794,2025-05-01,121.97
INV_735404,CUST_0606,2025-04-25,29.72
INV_660815,CUST_0997,2025-06-12,80.6
INV_219783,CUST_0982,2025-12-03,9.69
INV_150126,CUST_0787,2025-03-05,60.99
INV_813161,CUST_0066,2025-11-27,117.6
INV_242290,CUST_0579,2025-09-16,120.19
INV_282615,CUST_0936,2025-06-27,78.09
INV_450891,CUST_0017,2025-10-23,24.96
INV_485398,CUST_0919,2025-09-19,15.47
INV_481148,CUST_0888,2025-02-04,41.55
INV_339691,CUST_0053,2025-10-06,39.72
INV_794388,CUST_0494,2025-06-25,18.96
INV_197204,CUST_0280,2025-08-06,28.53
INV_617953,CUST_0764,2025-10-22,53.68
INV_248515,CUST_0518,2025-01-21,30.51
INV_678032,CUST_0507,2025-08-21,48.76
INV_863707,CUST_0206,2025-02-13,18.64
INV_923749,CUST_0470,2025-04-03,46.3
INV_844917,CUST_0595,2025-11-29,54.68
INV_337230,CUST_0021,2025-08-16,46.53
INV_367825,CUST_0620,2025-10-10,39.36
INV_953635,CUST_0607,2025-10-06,65.05
INV_924322,CUST_0505,2025-10-03,8.44
INV_292386,CUST_0986,2025-08-12,23.42
INV_207042,CUST_0385,2025-03-31,21.96
INV_594897,,2025-07-14,29.99
INV_479570,CUST_0334,2025-08-01,17.93
INV_944647,CUST_0552,2025-06-13,12.97
INV_123946,CUST_0495,2025-04-26,64.09
INV_919245,CUST_0923,2025-05-22,16.03
INV_249485,CUST_0844,2025-08-26,27.05
INV_902533,CUST_0530,2025-03-27,95.87
INV_408068,CUST_0640,2025-04-14,14.64
INV_507878,CUST_0006,2025-12-07,67.07
INV_398509,CUST_0356,2025-10-08,64.54
INV_163471,CUST_0749,2025-10-12,40.4
INV_740763,CUST_0773,2025-04-20,15.5
INV_172847,CUST_0600,2025-11-09,46.03
INV_593570,CUST_0060,2025-12-22,14.2
INV_449924,CUST_0575,2025-08-24,24.43
INV_474998,CUST_0902,2025-10-02,49.26
INV_644893,CUST_0683,2025-11-25,24.31
INV_899947,CUST_0767,2025-03-13,32.42
INV_955742,CUST_0172,2025-08-11,59.34
INV_759966,CUST_0298,2025-11-16,78.26
INV_563179,CUST_0383,2025-07-24,127.83
INV_777090,CUST_0165,2025-08-30,12.57
INV_798213,CUST_0634,2025-02-13,46.03
INV_693167,CUST_0204,2025-11-14,222.97
INV_821782,CUST_0009,2025-09-06,133.55
INV_643118,CUST_0393,2025-05-20,55.66
INV_193878,CUST_0834,2025-11-27,18.37
INV_116738,CUST_0480,2025-05-14,70.87
INV_483800,CUST_0584,2025-04-23,26.12
INV_126014,CUST_0629,2025-04-30,78.56
INV_888212,CUST_0210,2025-10-23,20.85
INV_991307,CUST_0508,2025-12-22,27.95
INV_626683,CUST_0393,2025-11-10,32.93
INV_500327,CUST_0050,2025-04-15,11.7
INV_827688,CUST_0800,2025-09-14,8.41
INV_238783,CUST_0340,2025-10-28,47.03
INV_749381,CUST_0557,2025-09-22,39.97
INV_306084,CUST_0316,2025-01-01,129.84
INV_308072,CUST_0063,2025-06-13,19.67
INV_230509,CUST_0222,2025-06-01,13.81
INV_639618,CUST_0217,2025-07-15,32.73
INV_576657,CUST_0647,2025-08-22,48.04
INV_738093,CUST_0555,2025-02-26,12.9
INV_887071,CUST_0722,2025-03-13,11.41
INV_456043,CUST_0106,2025-06-14,61.2
INV_225801,CUST_0665,2025-03-08,38.85
INV_325097,CUST_0228,2025-03-20,53.02
INV_489522,CUST_0981,2025-09-03,17.45
INV_797785,CUST_0669,2025-04-26,103.73
INV_795169,CUST_0172,2025-01-16,27.89
INV_600228,CUST_0056,2025-03-20,109.1
INV_346509,CUST_0618,2025-10-05,13.19
INV_568968,CUST_0269,2025-11-17,77.57
INV_528082,CUST_0086,2025-11-16,82.47
INV_552201,CUST_0079,2025-07-05,31.15
INV_404960,CUST_0501,2025-03-04,13.02
INV_830806,CUST_0373,2025-03-22,11.48
INV_957158,CUST_0755,2025-07-04,39.03
INV_366891,CUST_0969,2025-12-08,41.24
INV_879685,CUST_0071,2025-02-15,96.96
INV_283148,CUST_0149,2025-05-10,44.5
INV_119455,CUST_0631,2025-12-23,28.04
INV_592646,CUST_0774,2025-09-01,179.92
INV_443782,CUST_0489,2025-02-06,32.62
INV_932441,CUST_0333,2025-10-23,73.33
INV_735167,CUST_0530,2025-11-09,21.25
INV_367544,CUST_0982,2025-07-13,21.15
INV_579389,CUST_0732,2025-10-16,67.16
INV_245109,CUST_0465,2025-04-14,45.04
INV_405292,CUST_0325,2025-10-23,63.85
INV_972510,CUST_0474,2025-01-31,80.81
INV_768043,CUST_0560,2025-03-28,18.42
INV_591599,CUST_0334,2025-10-01,80.32
INV_248188,CUST_0692,2025-09-29,163.71
INV_495340,CUST_0905,2025-10-09,87.48
INV_876653,CUST_0509,2025-06-13,31.57
INV_583512,CUST_0307,2025-03-17,44.28
INV_744467,CUST_0032,2025-09-07,115.99
INV_195287,CUST_0656,2025-11-14,8.89
INV_447591,CUST_0791,2025-09-30,13.64
INV_292589,CUST_0979,2025-06-07,34.53
INV_104090,CUST_0534,2025-04-18,18.22
INV_241268,CUST_0015,2025-10-31,22.15
INV_840537,CUST_0113,2025-06-17,40.7
INV_937985,CUST_0859,2025-08-15,46.42
INV_737854,CUST_0623,2025-01-01,88.64
INV_674310,CUST_0420,2025-04-18,45.25
INV_286110,CUST_0128,2025-07-29,7.64
INV_639180,CUST_0471,2025-08-06,36.31
INV_526573,CUST_0080,2025-02-08,85.67
INV_564151,CUST_0337,2025-12-15,11.24
INV_456686,CUST_0116,2025-09-26,22.87
INV_509633,CUST_0312,2025-02-22,14.02
INV_647933,CUST_0796,2025-11-02,33.6
INV_473587,CUST_0410,2025-06-28,29.53
INV_572650,CUST_0874,2025-04-02,33.82
INV_775748,,2025-07-21,71.11
INV_296945,CUST_0297,2025-11-04,178.59
INV_895415,CUST_0945,2025-05-14,95.17
INV_846988,CUST_0422,2025-01-28,45.01
INV_626961,CUST_0882,2025-11-13,23.79
INV_978977,CUST_0075,2025-07-21,175.49
INV_860006,CUST_0015,2025-08-19,69.9
INV_525716,CUST_0916,2025-12-20,37.39
INV_726627,CUST_0982,2025-10-14,50.57
INV_907605,CUST_0792,2025-12-06,56.73
INV_223554,CUST_0935,2025-05-27,49.67
INV_713311,CUST_0416,2025-06-24,23.13
INV_880637,CUST_0686,2025-04-13,34.43
INV_543333,CUST_0657,2025-02-11,37.37
INV_305719,CUST_0892,2025-09-30,95.23
INV_109404,CUST_0953,2025-11-02,33.23
INV_737475,CUST_0872,2025-10-22,28.55
INV_833082,CUST_0882,2025-02-06,118.14
INV_646120,CUST_0635,2025-03-24,97.85
INV_163043,CUST_0614,2025-12-03,28.19
INV_228131,CUST_0560,2025-02-26,105.25
INV_252842,CUST_0465,2025-10-29,25.7
INV_685765,CUST_0799,2025-04-30,7.81
INV_550953,CUST_0245,2025-01-21,159.74
INV_300123,CUST_0410,2025-05-16,131.44
INV_916015,CUST_0328,2025-10-17,9.07
INV_652958,CUST_0361,2025-03-28,46.47
INV_355745,CUST_0406,2025-08-29,174.54
INV_359291,CUST_0621,2025-09-13,55.95
INV_378252,CUST_0595,2025-04-17,24.28
INV_724747,CUST_0008,2025-10-21,122.27
INV_593406,CUST_0321,2025-03-08,23.52
INV_960359,CUST_0328,2025-02-12,50.96
INV_529059,CUST_0893,2025-02-08,71.19
INV_450386,CUST_0633,2025-12-02,104.78
INV_236343,CUST_0645,2025-11-07,31.23
INV_290191,CUST_0164,2025-10-17,26.27
INV_644950,CUST_0310,2025-12-11,66.05
INV_893294,CUST_0821,2025-11-02,19.26
INV_861299,CUST_0173,2025-05-21,20.04
INV_149966,CUST_0269,2025-01-20,39.01
INV_246297,CUST_0503,2025-05-27,216.45
INV_249333,,2025-01-06,23.79
INV_166330,CUST_0755,2025-08-19,17.69
INV_669601,CUST_0263,2025-05-11,21.0
INV_248430,CUST_0234,2025-12-02,44.13
INV_542037,CUST_0024,2025-09-28,73.04
INV_915037,CUST_0718,2025-03-22,31.76
INV_271955,CUST_0465,2025-07-27,18.75
INV_369594,CUST_0288,2025-05-04,37.52
INV_131817,CUST_0878,2025-06-29,29.22
INV_840176,CUST_0447,2025-09-30,23.72
INV_142311,CUST_0722,2025-04-26,49.51
INV_459571,CUST_0909,2025-11-09,18.18
INV_263394,CUST_0342,2025-01-23,39.78
INV_719436,CUST_0802,2025-10-16,35.44
INV_844314,CUST_0659,2025-08-10,62.35
INV_136080,CUST_0633,2025-03-19,20.6
INV_593844,CUST_0018,2025-09-13,50.17
INV_774255,CUST_0424,2025-01-27,216.45
INV_741774,CUST_0807,2025-11-08,8.19
INV_880343,CUST_0525,2025-07-03,89.22
INV_457073,CUST_0230,2025-01-28,33.18
INV_599555,CUST_0960,2025-07-03,51.51
INV_812787,CUST_0041,2025-09-17,51.66
INV_608889,CUST_0046,2025-06-08,43.78
INV_662347,CUST_0845,2025-05-16,123.84
INV_376383,CUST_0909,2025-12-15,10.82
INV_279480,CUST_0956,2025-06-27,40.46
INV_896966,CUST_0308,2025-07-15,36.95
INV_710355,CUST_0783,2025-02-22,22.3
INV_480815,CUST_0728,2025-03-13,42.32
INV_857496,CUST_0764,2025-02-04,111.75
INV_867441,CUST_0611,2025-11-04,82.34
INV_931866,CUST_0652,2025-03-24,29.87
INV_441376,CUST_0760,2025-06-26,31.89
INV_806584,CUST_0834,2025-03-05,100.6
INV_967784,CUST_0450,2025-09-13,14.28
INV_179794,CUST_0461,2025-07-17,32.36
INV_941081,CUST_0437,2025-01-15,72.22
INV_604434,CUST_0587,2025-04-14,33.56
INV_899093,CUST_0039,2025-12-30,20.47
INV_147922,CUST_0232,2025-02-08,38.23
INV_119416,CUST_0047,2025-02-05,8.11
INV_960527,CUST_0361,2025-01-13,52.29
INV_347795,CUST_0065,2025-08-16,58.77
INV_741204,CUST_0816,2025-12-07,126.71
INV_373010,CUST_0501,2025-03-26,57.01
INV_150547,CUST_0818,2025-10-26,16.0
INV_373139,CUST_0563,2025-12-28,32.59
INV_974726,CUST_0169,2025-03-13,77.42
INV_757302,CUST_0239,2025-09-10,52.16
INV_421345,CUST_0561,2025-10-30,13.18
INV_183100,CUST_0222,2025-03-18,176.26
INV_667456,CUST_0806,2025-05-05,24.53
INV_128004,CUST_0541,2025-04-24,23.01
INV_577044,CUST_0989,2025-06-22,98.61
INV_633754,CUST_0797,2025-01-02,62.71
INV_700243,CUST_0946,2025-11-17,21.16
INV_995150,CUST_0725,2025-10-20,47.53
INV_329164,CUST_0123,2025-08-15,79.83
INV_655639,CUST_0428,2025-03-24,26.68
INV_960587,CUST_0065,2025-10-08,21.94
INV_563506,CUST_0618,2025-10-27,25.95
INV_363369,CUST_0262,2025-06-08,13.75
INV_641567,CUST_0933,2025-06-04,194.05
INV_978836,,2025-03-26,20.62
INV_144552,CUST_0300,2025-12-28,122.55
INV_854965,CUST_0386,2025-09-04,47.39
INV_387312,CUST_0750,2025-07-22,18.28
INV_678528,CUST_0356,2025-01-13,58.79
INV_352051,CUST_0045,2025-11-17,124.79
INV_116488,CUST_0355,2025-08-24,36.16
INV_766205,CUST_0474,2025-09-07,27.61
INV_268377,CUST_0220,2025-10-25,75.45
INV_151993,CUST_0645,2025-12-27,122.43
INV_578720,CUST_0475,2025-04-26,9.74
INV_940249,CUST_0502,2025-12-14,47.08
INV_411251,CUST_0847,2025-07-02,124.38
INV_461799,CUST_0409,2025-03-18,221.69
INV_944445,CUST_0837,2025-09-19,12.17
INV_519230,CUST_0718,2025-11-06,10.25
INV_910763,CUST_0646,2025-09-24,24.63
INV_445123,CUST_0450,2025-02-22,179.81
INV_142597,CUST_0401,2025-01-28,15.04
INV_403895,CUST_0775,2025-09-28,116.48
INV_268769,CUST_0511,2025-10-13,285.29
INV_764882,CUST_0317,2025-03-19,7.66
INV_767481,CUST_0428,2025-12-17,115.0
INV_386420,CUST_0492,2025-03-23,22.36
INV_642247,CUST_0560,2025-02-18,29.7
INV_553739,CUST_0875,2025-10-07,36.74
INV_750060,CUST_0245,2025-09-12,77.76
INV_336109,CUST_0566,2025-11-05,20.64
INV_628742,CUST_0336,2025-12-24,17.53
INV_752664,CUST_0602,2025-12-12,82.82
INV_741501,CUST_0463,2025-09-01,100.17
INV_720417,CUST_0828,2025-05-21,11.69
INV_469432,CUST_0851,2025-04-21,14.65
INV_651507,CUST_0050,2025-01-14,31.78
INV_106457,CUST_0343,2025-06-07,30.67
INV_984729,CUST_0606,2025-10-24,14.4
INV_882351,CUST_0164,2025-11-16,173.62
INV_694206,CUST_0344,2025-03-19,125.54
INV_127603,CUST_0066,2025-03-09,17.61
INV_455970,CUST_0379,2025-06-17,36.1
INV_566727,CUST_0837,2025-04-12,55.1
INV_349975,CUST_0806,2025-09-20,102.96
INV_201536,CUST_0915,2025-08-19,75.12
INV_886872,CUST_0673,2025-03-19,29.03
INV_597275,CUST_0540,2025-04-10,48.91
INV_100005,CUST_0917,2025-04-02,166.2
INV_963018,CUST_0681,2025-09-28,13.83
INV_658236,CUST_0559,2025-04-09,16.34
INV_375201,CUST_0900,2025-06-03,78.92
INV_389647,CUST_0657,2025-10-18,62.9
INV_984750,CUST_0214,2025-08-21,26.64
INV_786779,CUST_0419,2025-05-06,14.43
INV_885608,CUST_0684,2025-09-04,105.37
INV_877203,CUST_0885,2025-05-29,42.97
INV_356760,CUST_0226,2025-03-15,25.73
INV_850071,CUST_0792,2025-06-01,51.78
INV_792727,CUST_0737,2025-02-07,22.2
INV_260094,CUST_0955,2025-08-29,170.0
INV_405617,CUST_0722,2025-01-23,45.25
INV_768646,CUST_0040,2025-10-30,97.61
INV_506339,CUST_0532,2025-04-19,10.88
INV_285217,CUST_0280,2025-08-16,86.11
INV_846403,CUST_0540,2025-06-03,15.2
INV_940931,CUST_0091,2025-12-25,34.26
INV_877981,CUST_0202,2025-12-16,17.84
INV_246474,CUST_0038,2025-08-09,25.09
INV_798083,,2025-04-24,28.75
INV_905837,CUST_0123,2025-06-22,338.78
INV_753197,CUST_0779,2025-06-06,114.82
INV_915014,CUST_0376,2025-01-26,34.89
INV_962303,CUST_0701,2025-05-02,71.64
INV_183805,CUST_0262,2025-12-20,15.03
INV_856686,CUST_0795,2025-04-30,138.05
INV_524022,CUST_0537,2025-12-08,66.24
INV_537513,CUST_0947,2025-04-19,103.12
INV_441324,CUST_0734,2025-03-15,35.16
INV_389416,CUST_0822,2025-04-12,8.42
INV_983527,CUST_0191,2025-05-22,8.43
INV_116375,CUST_0167,2025-06-17,15.44
INV_770534,CUST_0111,2025-08-20,27.62
INV_531613,CUST_0531,2025-10-17,33.27
INV_664562,CUST_0175,2025-10-29,81.28
INV_916473,CUST_0510,2025-11-03,35.38
INV_397391,CUST_0081,2025-06-05,38.58
INV_493650,CUST_0500,2025-09-06,20.54
INV_386788,CUST_0519,2025-06-06,31.6
INV_532809,CUST_0606,2025-12-29,12.43
INV_326577,CUST_0204,2025-02-11,41.82
INV_614771,CUST_0298,2025-02-20,7.91
INV_513146,CUST_0656,2025-12-23,63.35
INV_791349,CUST_0847,2025-09-13,69.38
INV_720656,CUST_0488,2025-10-06,9.11
INV_466056,CUST_0836,2025-08-31,10.57
INV_603528,CUST_0407,2025-03-01,72.97
INV_122838,CUST_0567,2025-07-27,10.63
INV_565992,CUST_0793,2025-01-26,15.73
INV_236772,CUST_0847,2025-06-16,25.53
INV_315963,CUST_0952,2025-01-09,42.86
INV_924965,CUST_0685,2025-10-09,135.06
INV_517876,CUST_0027,2025-02-07,11.72
INV_247330,CUST_0832,2025-01-30,72.52
INV_639677,CUST_0190,2025-01-12,63.84
INV_121797,CUST_0725,2025-02-07,69.6
INV_690620,CUST_0360,2025-05-23,30.35
INV_385840,CUST_0112,2025-08-18,32.63
INV_258116,CUST_0499,2025-05-26,44.72
INV_117903,CUST_0316,2025-06-15,86.01
INV_528416,CUST_0756,2025-04-23,73.11
INV_469556,CUST_0314,2025-09-16,55.89
INV_733654,CUST_0023,2025-09-03,18.18
INV_514170,CUST_0511,2025-11-14,13.63
INV_470714,CUST_0423,2025-12-22,39.59
INV_781182,CUST_0942,2025-10-17,8.41
INV_949246,CUST_0864,2025-06-27,13.14
INV_773832,CUST_0186,2025-10-21,40.64
INV_337439,CUST_0905,2025-07-10,33.12
INV_782457,CUST_0790,2025-09-29,20.54
INV_175911,CUST_0142,2025-09-08,23.35
INV_276682,CUST_0484,2025-10-04,21.76
INV_850639,CUST_0632,2025-08-08,111.95
INV_896075,CUST_0198,2025-03-25,16.64
INV_637488,CUST_0071,2025-01-08,36.26
INV_776651,CUST_0052,2025-02-14,36.68
INV_729742,CUST_0465,2025-02-07,18.97
INV_880644,CUST_0743,2025-09-19,44.76
INV_570917,CUST_0419,2025-07-05,20.69
INV_931219,CUST_0013,2025-08-02,43.21
INV_455143,CUST_0868,2025-09-15,10.13
INV_925294,CUST_0941,2025-07-12,116.49
INV_500717,CUST_0032,2025-04-08,31.81
INV_861654,CUST_0822,2025-02-16,23.96
INV_347688,CUST_0413,2025-03-04,20.83
INV_380371,CUST_0613,2025-02-06,29.71
INV_540691,,2025-08-04,18.23
INV_732909,CUST_0832,2025-01-18,16.04
INV_908143,CUST_0167,2025-03-31,50.43
INV_732592,CUST_0724,2025-09-28,30.26
INV_422111,,2025-12-08,41.02
INV_544846,CUST_0524,2025-07-29,46.44
INV_615329,CUST_0768,2025-04-11,23.83
INV_517896,CUST_0896,2025-09-01,151.72
INV_801486,,2025-06-04,64.35
INV_924832,CUST_0043,2025-11-17,31.98
INV_187893,CUST_0712,2025-05-24,41.34
INV_207154,CUST_0850,2025-10-05,107.43
INV_576154,CUST_0857,2025-06-27,192.59
INV_907662,CUST_0930,2025-06-16,86.44
INV_791310,CUST_0249,2025-09-20,38.4
INV_104329,CUST_0692,2025-07-07,32.96
INV_137869,CUST_0024,2025-01-26,66.53
INV_201069,CUST_0346,2025-01-10,66.46
INV_218728,CUST_0770,2025-04-22,47.51
INV_859925,CUST_0583,2025-06-25,20.99
INV_941967,CUST_0009,2025-03-27,12.2
INV_375536,CUST_0585,2025-01-27,66.04
INV_430502,CUST_0596,2025-07-18,8.13
INV_542667,CUST_0092,2025-12-05,62.48
INV_515000,CUST_0935,2025-10-23,22.61
INV_414096,CUST_0059,2025-12-25,14.45
INV_207271,CUST_0465,2025-12-08,29.57
INV_934363,CUST_0625,2025-05-26,24.1
INV_226298,CUST_0828,2025-12-28,13.68
INV_731540,CUST_0526,2025-10-31,103.95
INV_839126,CUST_0824,2025-09-25,8.98
INV_743107,,2025-08-05,13.92
INV_375261,CUST_0178,2025-09-14,21.27
INV_737293,CUST_0048,2025-03-03,47.54
INV_939665,CUST_0162,2025-08-15,56.34
INV_192529,CUST_0431,2025-12-13,69.84
INV_969965,CUST_0178,2025-12-11,169.23
INV_586275,CUST_0270,2025-07-25,142.47
INV_666464,CUST_0751,2025-10-15,141.95
INV_197289,CUST_0618,2025-07-08,266.7
INV_763515,CUST_0635,2025-08-04,30.09
INV_931776,CUST_0923,2025-02-09,40.95
INV_402468,,2025-03-12,27.88
INV_627800,CUST_0866,2025-10-26,79.6
INV_447786,CUST_0947,2025-09-26,74.86
INV_605533,CUST_0564,2025-01-17,17.27
INV_828927,CUST_0987,2025-12-06,9.55
INV_190450,CUST_0776,2025-11-08,34.53
INV_697359,CUST_0198,2025-10-27,87.74
INV_848501,CUST_0169,2025-05-29,8.2
INV_972911,CUST_0042,2025-07-21,44.22
INV_564764,CUST_0449,2025-10-13,8.9
INV_867248,CUST_0750,2025-01-19,26.14
INV_218632,,2025-12-26,130.18
INV_619826,CUST_0104,2025-07-11,19.08
INV_242712,CUST_0380,2025-03-22,47.36
INV_632191,CUST_0838,2025-06-03,18.96
INV_543172,CUST_0761,2025-08-28,61.43
INV_909733,CUST_0799,2025-07-23,106.32
INV_466099,CUST_0783,2025-05-23,81.38
INV_356094,CUST_0845,2025-10-27,17.68
INV_799400,CUST_0930,2025-03-05,37.08
INV_455113,CUST_0459,2025-07-22,65.18
INV_194266,CUST_0506,2025-06-23,19.39
INV_396508,CUST_0021,2025-06-06,77.02
INV_251168,CUST_0576,2025-11-21,62.78
INV_272349,CUST_0757,2025-04-16,26.26
INV_218384,CUST_0182,2025-04-13,8.34
INV_734378,CUST_0406,2025-03-11,41.06
INV_918718,CUST_0138,2025-06-16,55.77
INV_203845,CUST_0524,2025-08-31,28.46
INV_941610,CUST_0835,2025-07-13,74.94
INV_966069,CUST_0506,2025-10-08,13.15
INV_699262,CUST_0933,2025-07-22,52.91
INV_348595,CUST_0749,2025-04-27,17.64
INV_304739,CUST_0618,2025-01-04,10.06
INV_713529,CUST_0532,2025-05-02,83.83
INV_902874,CUST_0870,2025-01-25,8.67
INV_110002,CUST_0301,2025-02-10,12.56
INV_577698,CUST_0782,2025-05-07,13.34
INV_109966,CUST_0805,2025-01-16,160.21
INV_739411,CUST_0263,2025-05-14,54.86
INV_412946,CUST_0840,2025-12-26,36.19
INV_127215,CUST_0709,2025-08-10,12.1
INV_456737,CUST_0775,2025-05-15,106.46
INV_441180,CUST_0303,2025-09-27,63.51
INV_676231,CUST_0297,2025-01-14,51.74
INV_725412,CUST_0261,2025-07-11,22.73
INV_650162,CUST_0113,2025-12-18,39.67
INV_844976,CUST_0960,2025-10-05,141.89
INV_603294,CUST_0204,2025-01-17,32.99
INV_228305,CUST_0210,2025-03-19,91.69
INV_165488,CUST_0058,2025-01-18,51.3
INV_463076,CUST_0135,2025-11-28,68.88
INV_412802,CUST_0853,2025-03-24,88.18
INV_311985,CUST_0966,2025-05-12,11.32
INV_984907,CUST_0605,2025-10-21,48.76
INV_417152,CUST_0563,2025-01-19,54.08
INV_173916,CUST_0066,2025-05-21,11.25
INV_927637,CUST_0158,2025-04-08,88.43
INV_128400,CUST_0856,2025-08-24,14.97
INV_744408,CUST_0330,2025-12-04,13.66
INV_565705,CUST_0915,2025-08-04,57.11
INV_597125,CUST_0983,2025-06-29,55.55
INV_635382,CUST_0772,2025-01-05,15.37
INV_185834,CUST_0360,2025-04-27,90.58
INV_162651,CUST_0439,2025-11-27,33.08
INV_785521,CUST_0968,2025-10-08,106.87
INV_333670,CUST_0115,2025-08-24,12.56
INV_253358,CUST_0764,2025-02-19,53.85
INV_602865,CUST_0528,2025-01-02,48.16
INV_706867,CUST_0031,2025-08-24,37.01
INV_442112,,2025-02-04,123.0
INV_519260,CUST_0230,2025-08-15,100.34
INV_741447,CUST_0468,2025-02-24,23.34
INV_733350,CUST_0315,2025-05-08,33.04
INV_766351,CUST_0258,2025-12-07,47.78
INV_103881,CUST_0106,2025-02-05,8.42
INV_902161,CUST_0309,2025-01-09,24.27
INV_421546,CUST_0331,2025-06-26,141.57
INV_793578,CUST_0818,2025-05-02,18.83
INV_277375,CUST_0543,2025-12-14,21.08
INV_862186,CUST_0153,2025-07-31,11.29
INV_341348,CUST_0467,2025-12-14,124.51
INV_842627,CUST_0970,2025-02-11,44.15
INV_230436,CUST_0194,2025-01-18,30.1
INV_905341,CUST_0276,2025-05-07,124.76
INV_122525,CUST_0480,2025-10-15,14.79
INV_600181,CUST_0678,2025-07-02,65.06
INV_252018,CUST_0759,2025-12-03,139.32
INV_141721,CUST_0977,2025-04-06,7.62
INV_884717,CUST_0891,2025-11-04,24.65
INV_463284,CUST_0954,2025-11-22,71.49
INV_448125,CUST_0832,2025-11-28,27.36
INV_577982,CUST_0095,2025-10-23,113.95
INV_832228,CUST_0667,2025-07-05,99.33
INV_521128,CUST_0838,2025-09-18,10.78
INV_400767,,2025-09-06,99.45
INV_617926,CUST_0840,2025-09-28,40.33
INV_682992,CUST_0646,2025-07-30,119.78
INV_567786,CUST_0490,2025-05-07,18.82
INV_575197,CUST_0335,2025-01-10,53.66
INV_934233,CUST_0387,2025-05-26,27.37
INV_131566,CUST_0349,2025-12-08,152.63
INV_506781,CUST_0487,2025-09-23,96.19
INV_845225,CUST_0500,2025-01-29,127.99
INV_158334,CUST_0013,2025-02-16,109.09
INV_623604,CUST_0644,2025-04-23,37.32
INV_631022,CUST_0053,2025-05-10,90.66
INV_536370,CUST_0057,2025-04-07,87.54
INV_303474,CUST_0684,2025-03-04,17.04
INV_906805,CUST_0621,2025-10-09,66.14
INV_474557,CUST_0333,2025-08-08,21.5
INV_827002,CUST_0512,2025-06-21,123.55
INV_925855,CUST_0166,2025-07-06,105.68
INV_977350,CUST_0831,2025-07-08,63.58
INV_267797,CUST_0041,2025-12-30,37.83
INV_685233,CUST_0335,2025-06-09,15.71
INV_283505,CUST_0685,2025-12-18,55.34
INV_842880,CUST_0496,2025-11-26,34.35
INV_511998,CUST_0919,2025-01-05,28.45
INV_601525,CUST_0583,2025-12-14,96.38
INV_334648,CUST_0271,2025-12-23,54.9
INV_562273,CUST_0053,2025-05-29,23.6
INV_844875,CUST_0219,2025-04-23,21.52
INV_811182,CUST_0083,2025-08-06,33.89
INV_790952,CUST_0404,2025-10-17,31.11
INV_686686,CUST_0711,2025-06-07,18.5
INV_605096,,2025-07-26,29.13
INV_720007,CUST_0983,2025-09-03,29.89
INV_909063,CUST_0259,2025-01-19,34.43
INV_670509,CUST_0241,2025-12-27,67.17
INV_376786,CUST_0814,2025-05-23,36.12
INV_718173,CUST_0984,2025-04-20,86.26
INV_825903,CUST_0691,2025-03-04,229.91
INV_438974,CUST_0980,2025-01-06,27.1
INV_288362,CUST_0518,2025-07-26,31.23
INV_769615,,2025-11-26,110.12
INV_223844,CUST_0336,2025-10-16,8.89
INV_891352,CUST_0140,2025-10-27,101.66
INV_147252,CUST_0864,2025-04-19,33.54
INV_936667,CUST_0879,2025-07-23,28.37
INV_470565,CUST_0435,2025-01-21,106.37
INV_993317,CUST_0073,2025-03-17,34.23
INV_106402,CUST_0577,2025-12-08,97.99
INV_108382,CUST_0426,2025-07-09,134.19
INV_114425,CUST_0148,2025-09-15,20.81
INV_816537,CUST_0824,2025-12-18,199.51
INV_571069,CUST_0838,2025-05-31,13.07
INV_554111,CUST_0128,2025-03-19,8.42
INV_392338,CUST_0305,2025-02-03,15.34
INV_464692,CUST_0022,2025-10-14,94.17
INV_939726,CUST_0272,2025-10-03,68.04
INV_208750,CUST_0626,2025-10-02,87.78
INV_520515,CUST_0453,2025-08-30,56.41
INV_450891,CUST_0176,2025-12-09,25.17
INV_759045,CUST_0963,2025-12-18,38.56
INV_124276,CUST_0086,2025-05-22,10.36
INV_534617,CUST_0051,2025-04-22,51.75
INV_229526,CUST_0271,2025-03-06,64.46
INV_508873,CUST_0844,2025-01-10,44.62
INV_181551,CUST_0244,2025-12-17,22.29
INV_830002,CUST_0893,2025-07-20,8.91
INV_728887,CUST_0415,2025-09-03,29.2
INV_136509,,2025-07-30,11.78
INV_228633,CUST_0570,2025-03-27,59.58
INV_665379,CUST_0446,2025-04-18,27.0
INV_135572,CUST_0421,2025-07-17,45.38
INV_522227,CUST_0203,2025-09-18,37.63
INV_883185,CUST_0412,2025-09-18,49.47
INV_223482,CUST_0430,2025-03-10,118.68
INV_784341,CUST_0440,2025-12-15,8.63
INV_753302,CUST_0949,2025-10-03,9.26
INV_993850,CUST_0437,2025-07-11,89.02
INV_858961,CUST_0113,2025-09-30,9.93
INV_768860,CUST_0936,2025-08-11,22.65
INV_159547,CUST_0306,2025-03-31,38.12
INV_865127,CUST_0712,2025-02-24,32.29
INV_971022,CUST_0403,2025-04-12,21.48
INV_628832,CUST_0928,2025-09-23,23.45
INV_481234,CUST_0743,2025-01-29,51.97
INV_518005,CUST_0751,2025-12-23,41.39
INV_140002,CUST_0594,2025-05-08,22.25
INV_493727,CUST_0574,2025-05-13,47.44
INV_131786,CUST_0211,2025-07-24,74.29
INV_370640,CUST_0629,2025-07-09,26.64
INV_659863,CUST_0715,2025-08-21,109.8
INV_828468,CUST_0295,2025-11-23,111.41
INV_301464,CUST_0001,2025-08-05,28.78
INV_217255,CUST_0904,2025-03-10,9.06
INV_531030,CUST_0881,2025-10-02,50.14
INV_279243,CUST_0926,2025-12-01,48.04
INV_377941,CUST_0155,2025-03-18,17.79
INV_414380,CUST_0432,2025-01-30,41.75
INV_546710,CUST_0122,2025-05-24,44.79
INV_191426,CUST_0923,2025-02-14,33.29
INV_242957,CUST_0207,2025-01-07,71.97
INV_197375,CUST_0114,2025-11-03,60.82
INV_192313,CUST_0294,2025-07-08,102.81
INV_843987,CUST_0570,2025-12-04,9.69
INV_615303,CUST_0854,2025-05-30,113.26
INV_654700,CUST_0885,2025-10-26,93.82
INV_102928,CUST_0320,2025-09-12,35.07
INV_913389,CUST_0647,2025-02-23,18.34
INV_472209,CUST_0032,2025-12-22,43.28
INV_911608,CUST_0243,2025-07-11,22.43
INV_298573,CUST_0561,2025-05-16,205.31
INV_474494,CUST_0149,2025-03-28,12.65
INV_148231,CUST_0869,2025-01-16,10.22
INV_221139,CUST_0361,2025-05-26,66.62
INV_871687,CUST_0911,2025-02-22,53.47
INV_739679,CUST_0834,2025-08-30,8.1
INV_162497,CUST_0869,2025-12-27,138.17
INV_144109,CUST_0243,2025-02-28,12.98
INV_736925,CUST_0718,2025-10-29,86.29
INV_995643,CUST_0112,2025-11-13,26.19
INV_144858,CUST_0690,2025-12-12,24.37
INV_644527,CUST_0018,2025-12-17,68.64
INV_138805,CUST_0506,2025-09-23,15.88
INV_445778,CUST_0528,2025-01-12,80.1
INV_629437,CUST_0641,2025-10-10,139.1
INV_500036,CUST_0009,2025-11-05,48.36
INV_219374,CUST_0705,2025-11-01,157.51
INV_477275,CUST_0691,2025-04-01,79.76
INV_941830,CUST_0727,2025-03-20,76.05
INV_716017,CUST_0623,2025-11-10,73.48
INV_950766,CUST_0644,2025-08-23,28.42
INV_855631,CUST_0611,2025-02-07,31.99
INV_534737,CUST_0449,2025-04-27,14.24
INV_686532,CUST_0976,2025-10-21,10.53
INV_843472,CUST_0154,2025-08-08,119.79
INV_115115,CUST_0654,2025-02-15,104.04
INV_693665,CUST_0628,2025-03-23,17.5
INV_755954,CUST_0955,2025-09-30,29.05
INV_492508,CUST_0058,2025-02-22,26.87
INV_704670,CUST_0228,2025-09-11,214.25
INV_886526,CUST_0578,2025-11-05,15.87
INV_510646,CUST_0493,2025-09-10,34.0
INV_817654,CUST_0756,2025-08-03,72.41
INV_501702,CUST_0148,2025-04-19,104.1
INV_642618,CUST_0120,2025-01-18,88.53
INV_876422,CUST_0996,2025-05-23,47.65
INV_975475,CUST_0254,2025-11-25,39.23
INV_143085,CUST_0010,2025-11-20,12.22
INV_983479,CUST_0425,2025-07-12,31.7
INV_390658,CUST_0923,2025-09-20,46.59
INV_460532,CUST_0378,2025-09-25,41.5
INV_354259,CUST_0522,2025-10-16,135.56
INV_588288,CUST_0262,2025-10-12,27.94
INV_938884,CUST_0701,2025-09-08,7.85
INV_369608,CUST_0702,2025-11-12,25.52
INV_595832,CUST_0727,2025-08-25,35.6
INV_985054,CUST_0833,2025-09-03,105.58
INV_803829,CUST_0994,2025-02-06,12.18
INV_151408,CUST_0389,2025-02-03,152.1
INV_238604,CUST_0830,2025-12-10,87.67
INV_805614,CUST_0199,2025-03-30,71.36
INV_971510,CUST_0477,2025-10-12,21.5
INV_815661,CUST_0551,2025-04-11,32.86
INV_190381,CUST_0580,2025-07-11,32.3
INV_194176,CUST_0940,2025-08-14,44.54
INV_895736,CUST_0884,2025-06-16,11.31
INV_159486,CUST_0544,2025-05-17,22.24
INV_499158,CUST_0017,2025-04-27,13.94
INV_181098,CUST_0522,2025-03-21,92.44
INV_147419,CUST_0116,2025-08-08,301.95
INV_123404,CUST_0717,2025-10-25,16.58
INV_680620,CUST_0977,2025-03-12,76.37
INV_581294,CUST_0508,2025-09-28,31.84
INV_134142,CUST_0750,2025-04-27,46.19
INV_202281,CUST_0132,2025-08-14,26.43
INV_162969,CUST_0222,2025-06-22,136.6
INV_856913,CUST_0821,2025-06-06,23.15
INV_757739,CUST_0533,2025-04-22,14.11
INV_567221,CUST_0542,2025-11-03,30.38
INV_850963,CUST_0320,2025-01-21,24.09
INV_432213,CUST_0892,2025-05-23,26.26
INV_982229,CUST_0726,2025-02-01,12.71
INV_177734,CUST_0673,2025-09-07,26.17
INV_459589,CUST_0279,2025-06-20,7.66
INV_789126,CUST_0759,2025-09-01,16.11
INV_124996,CUST_0583,2025-06-13,79.92
INV_776367,CUST_0113,2025-08-16,63.01
INV_416096,CUST_0496,2025-01-31,10.74
INV_528535,,2025-08-20,20.59
INV_261545,CUST_0527,2025-11-01,17.55
INV_641729,CUST_0532,2025-03-11,111.67
INV_118179,CUST_0736,2025-06-28,93.3
INV_878263,CUST_0620,2025-08-30,43.11
INV_844227,CUST_0216,2025-02-24,87.97
INV_890144,CUST_0327,2025-07-05,37.04
INV_891747,CUST_0884,2025-07-27,9.48
INV_591127,CUST_0262,2025-10-09,145.26
INV_846253,CUST_0183,2025-01-09,82.77
INV_497348,CUST_0624,2025-02-24,40.96
INV_954638,CUST_0178,2025-05-07,85.08
INV_259964,CUST_0149,2025-07-04,26.02
INV_164771,CUST_0826,2025-12-17,32.96
INV_623136,CUST_0299,2025-12-15,26.45
INV_240973,CUST_0492,2025-09-28,106.02
INV_605042,CUST_0058,2025-07-18,65.47
INV_563609,CUST_0039,2025-09-09,75.94
INV_801346,CUST_0953,2025-02-21,23.91
INV_176126,CUST_0156,2025-01-30,8.56
INV_484382,CUST_0069,2025-06-12,39.61
INV_176067,CUST_0052,2025-05-22,9.55
INV_278996,CUST_0091,2025-06-01,41.32
INV_668176,CUST_0365,2025-05-30,25.94
INV_849130,CUST_0581,2025-04-26,71.52
INV_477157,CUST_0914,2025-10-25,13.8
INV_958824,CUST_0695,2025-01-16,13.73
INV_741507,CUST_0107,2025-06-11,62.18
INV_563445,CUST_0667,2025-03-14,26.99
INV_245250,CUST_0799,2025-09-16,11.63
INV_537090,CUST_0390,2025-07-09,165.03
INV_595733,CUST_0086,2025-08-04,126.4
INV_651614,CUST_0926,2025-03-28,43.61
INV_435782,CUST_0537,2025-06-01,9.8
INV_972288,CUST_0558,2025-05-18,71.83
INV_560777,CUST_0676,2025-01-16,126.49
INV_971109,CUST_0464,2025-09-04,14.55
INV_902251,CUST_0001,2025-07-09,29.09
INV_301657,CUST_0505,2025-10-21,73.26
INV_116167,CUST_0849,2025-02-01,85.28
INV_230775,CUST_0184,2025-07-10,65.97
INV_235753,CUST_0074,2025-04-21,29.22
INV_912344,CUST_0420,2025-09-09,22.67
INV_925217,CUST_0330,2025-12-05,46.58
INV_372976,CUST_0605,2025-02-19,10.02
INV_444891,CUST_0266,2025-06-04,28.42
INV_111002,CUST_0236,2025-06-08,303.58
INV_321746,CUST_0314,2025-10-28,9.51
INV_648482,CUST_0420,2025-02-21,143.32
INV_909960,CUST_0509,2025-09-27,25.97
INV_376463,CUST_0731,2025-09-14,226.19
INV_634714,CUST_0690,2025-01-14,16.01
INV_133368,CUST_0337,2025-09-16,41.87
INV_880371,CUST_0637,2025-12-17,38.92
INV_178872,CUST_0533,2025-10-08,13.17
INV_605241,CUST_0393,2025-04-13,34.15
INV_872427,CUST_0825,2025-02-06,45.56
INV_158326,CUST_0664,2025-10-09,104.87
INV_842547,CUST_0871,2025-01-29,35.59
INV_503243,CUST_0471,2025-10-10,11.74
INV_406505,CUST_0675,2025-04-23,194.92
INV_332033,CUST_0255,2025-03-28,14.73
INV_200960,CUST_0909,2025-05-12,265.09
INV_230704,CUST_0098,2025-10-17,94.79
INV_744938,CUST_0156,2025-09-27,44.55
INV_239830,CUST_0697,2025-07-24,30.69
INV_642659,CUST_0450,2025-04-27,20.61
INV_324731,CUST_0716,2025-10-09,70.47
INV_515505,CUST_0323,2025-03-25,45.7
INV_166846,CUST_0181,2025-06-30,17.12
INV_476330,CUST_0475,2025-04-16,21.32
INV_597425,CUST_0162,2025-06-30,61.51
INV_704625,CUST_0021,2025-10-02,62.98
INV_668061,CUST_0116,2025-01-25,63.84
INV_959045,CUST_0959,2025-07-30,47.8
INV_800948,CUST_0851,2025-09-14,9.26
INV_817103,CUST_0598,2025-01-15,9.47
INV_465356,CUST_0487,2025-11-01,41.8
INV_655462,CUST_0800,2025-09-02,18.43
INV_650197,CUST_0713,2025-07-12,98.5
INV_945763,CUST_0127,2025-06-24,115.72
INV_544140,CUST_0365,2025-10-06,12.84
INV_174319,CUST_0171,2025-02-20,53.4
INV_992058,CUST_0931,2025-05-25,62.69
INV_764399,CUST_0911,2025-12-03,40.0
INV_229327,CUST_0655,2025-10-25,19.82
INV_754511,CUST_0467,2025-08-27,23.94
INV_888797,CUST_0885,2025-08-02,58.5
INV_431355,CUST_0525,2025-08-29,63.96
INV_471603,CUST_0620,2025-08-17,99.59
INV_892904,CUST_0956,2025-06-25,32.78
INV_330413,CUST_0877,2025-08-29,7.76
INV_631296,,2025-03-12,47.33
INV_159353,CUST_0812,2025-01-11,36.65
INV_255355,CUST_0893,2025-07-15,75.68
INV_890787,CUST_0350,2025-06-23,231.89
INV_636567,CUST_0934,2025-03-04,41.23
INV_914822,CUST_0484,2025-03-11,158.99
INV_629075,CUST_0302,2025-09-12,33.12
INV_634951,CUST_0264,2025-07-02,40.11
INV_724559,CUST_0761,2025-08-01,74.29
INV_991354,CUST_0100,2025-11-13,122.37
INV_286964,CUST_0548,2025-04-22,77.71
INV_306823,CUST_0781,2025-06-14,13.8
INV_779590,CUST_0455,2025-08-26,15.6
INV_686749,CUST_0727,2025-02-27,77.08
INV_618982,CUST_0618,2025-11-26,41.78
INV_385201,CUST_0519,2025-07-16,75.31
INV_999145,CUST_0397,2025-06-02,12.13
INV_138734,CUST_0416,2025-05-25,105.51
INV_456338,CUST_0633,2025-06-25,27.68
INV_239741,CUST_0084,2025-01-15,83.21
INV_156959,CUST_0633,2025-11-15,130.69
INV_109907,CUST_0368,2025-10-15,146.19
INV_659373,CUST_0463,2025-03-23,13.25
INV_329632,CUST_0988,2025-03-11,21.85
INV_744919,CUST_0217,2025-02-01,132.96
INV_500662,CUST_0152,2025-12-13,11.31
INV_359673,CUST_0285,2025-04-08,61.9
INV_611844,CUST_0148,2025-05-24,30.34
INV_198746,CUST_0570,2025-10-08,19.91
INV_738288,CUST_0897,2025-12-19,32.53
INV_266056,CUST_0482,2025-07-28,13.24
INV_777510,CUST_0684,2025-09-17,15.87
INV_902080,CUST_0558,2025-01-09,12.8
INV_134593,,2025-11-17,44.48
INV_786783,CUST_0475,2025-12-07,26.89
INV_447284,CUST_0153,2025-11-07,78.97
INV_808074,CUST_0188,2025-05-21,10.62
INV_549047,CUST_0476,2025-09-20,13.34
INV_757129,CUST_0778,2025-08-17,58.94
INV_504181,CUST_0295,2025-10-02,75.63
INV_643708,CUST_0943,2025-06-07,31.61
INV_829391,CUST_0661,2025-03-16,17.72
INV_314202,CUST_0062,2025-02-27,13.78
INV_346027,CUST_0987,2025-08-17,282.55
INV_309944,CUST_0727,2025-10-17,67.16
INV_281161,CUST_0958,2025-08-10,23.3
INV_992078,CUST_0511,2025-02-18,25.09
INV_718530,CUST_0904,2025-11-07,19.77
INV_263223,CUST_0217,2025-07-28,83.58
INV_345615,CUST_0519,2025-09-26,29.6
INV_273420,CUST_0325,2025-12-22,40.33
INV_176757,CUST_0671,2025-07-21,37.3
INV_344348,CUST_0844,2025-10-15,16.87
INV_468742,CUST_0501,2025-05-06,123.83
INV_458315,CUST_0361,2025-07-06,21.81
INV_297935,CUST_0616,2025-04-27,15.15
INV_646356,CUST_0605,2025-05-24,13.13
INV_367913,CUST_0930,2025-01-03,91.79
INV_333931,CUST_0308,2025-12-18,27.59
INV_908534,CUST_0347,2025-11-21,92.03
INV_543604,CUST_0033,2025-03-09,110.28
INV_204663,CUST_0600,2025-12-17,32.18
INV_168464,CUST_0177,2025-02-22,70.21
INV_251171,CUST_0626,2025-04-05,29.53
INV_239461,CUST_0179,2025-05-25,96.17
INV_656116,CUST_0969,2025-11-21,60.98
INV_194430,CUST_0457,2025-09-10,14.89
INV_642036,CUST_0276,2025-10-10,12.6
INV_372390,CUST_0573,2025-09-16,16.17
INV_412444,CUST_0188,2025-01-04,9.06
INV_657830,CUST_0015,2025-01-13,30.93
INV_942982,CUST_0360,2025-01-06,100.6
INV_963387,CUST_0946,2025-01-30,10.8
INV_711204,CUST_0630,2025-12-06,11.25
INV_750728,CUST_0705,2025-12-12,41.35
INV_405758,CUST_0751,2025-12-28,99.25
INV_517341,CUST_0589,2025-06-20,125.68
INV_164512,CUST_0207,2025-06-03,92.16
INV_284492,CUST_0747,2025-09-13,21.31
INV_411847,CUST_0506,2025-05-10,10.81
INV_813588,CUST_0447,2025-12-04,58.18
INV_930989,CUST_0349,2025-07-22,39.61
INV_690282,CUST_0508,2025-03-07,44.98
INV_892736,CUST_0342,2025-07-14,20.6
INV_473167,CUST_0254,2025-01-15,18.49
INV_487167,CUST_0027,2025-01-12,93.2
INV_107711,CUST_0215,2025-07-13,17.36
INV_850506,CUST_0885,2025-02-08,91.22
INV_474255,CUST_0206,2025-02-12,30.19
INV_237022,CUST_0771,2025-09-06,19.37
INV_782121,CUST_0879,2025-10-23,25.51
INV_226794,CUST_0948,2025-10-29,39.59
INV_974261,CUST_0444,2025-12-19,19.05
INV_318480,CUST_0538,2025-03-14,16.96
INV_919409,CUST_0914,2025-06-20,25.62
INV_929269,CUST_0888,2025-12-04,10.68
INV_166786,CUST_0627,2025-06-16,149.96
INV_462301,CUST_0663,2025-09-25,65.43
INV_359111,CUST_0754,2025-12-26,8.59
INV_989974,CUST_0182,2025-07-28,51.71
INV_512156,CUST_0382,2025-01-24,10.98
INV_483433,CUST_0092,2025-06-10,45.08
INV_773765,CUST_0565,2025-10-29,69.07
INV_932886,CUST_0774,2025-11-03,14.13
INV_356196,CUST_0547,2025-12-04,96.72
INV_494079,CUST_0025,2025-07-21,111.09
INV_970656,CUST_0789,2025-01-18,21.17
INV_909550,CUST_0654,2025-05-16,32.89
INV_596626,CUST_0444,2025-10-19,92.77
INV_455893,CUST_0341,2025-10-25,16.76
INV_423733,CUST_0687,2025-04-10,21.51
INV_678679,CUST_0633,2025-06-27,11.09
INV_826829,CUST_0584,2025-08-07,32.37
INV_996020,CUST_0123,2025-09-01,26.82
INV_764407,CUST_0190,2025-08-13,171.63
INV_814090,CUST_0466,2025-04-09,19.05
INV_669399,CUST_0997,2025-03-24,57.43
INV_116905,CUST_0702,2025-01-22,21.82
INV_309957,CUST_0578,2025-09-21,102.45
INV_483276,CUST_0123,2025-11-14,9.13
INV_958985,CUST_0833,2025-03-08,12.29
INV_641332,CUST_0394,2025-05-20,57.42
INV_909721,CUST_0405,2025-05-11,54.55
INV_744936,CUST_0320,2025-06-26,75.38
INV_683188,CUST_0160,2025-03-11,32.76
INV_256405,CUST_0135,2025-09-20,10.91
INV_712545,CUST_0283,2025-01-08,23.2
INV_811921,CUST_0967,2025-02-16,29.87
INV_887725,CUST_0522,2025-10-16,139.27
INV_175276,CUST_0940,2025-10-29,26.46
INV_383891,CUST_0272,2025-07-27,7.56
INV_362181,CUST_0985,2025-10-21,27.74
INV_148503,CUST_0871,2025-02-25,26.72
INV_458315,CUST_0560,2025-04-15,56.63
INV_782550,CUST_0499,2025-08-06,49.36
INV_889106,CUST_0129,2025-03-26,106.96
INV_518882,CUST_0437,2025-11-10,33.38
INV_228544,CUST_0787,2025-05-09,62.11
INV_554788,CUST_0119,2025-06-29,10.24
INV_516432,CUST_0327,2025-07-04,19.46
INV_977059,CUST_0534,2025-08-29,158.88
INV_576799,CUST_0840,2025-06-14,15.43
INV_639303,CUST_0557,2025-08-06,164.51
INV_514452,CUST_0993,2025-08-25,13.79
INV_229516,,2025-03-22,8.07
INV_842003,CUST_0649,2025-03-04,27.01
INV_109145,CUST_0625,2025-01-31,21.34
INV_163560,CUST_0515,2025-11-03,191.43
INV_485145,CUST_0010,2025-03-02,13.65
INV_754373,CUST_0687,2025-01-01,43.42
INV_265201,CUST_0702,2025-03-20,10.93
INV_364208,CUST_0961,2025-07-09,25.93
INV_110960,CUST_0383,2025-11-12,11.37
INV_688248,CUST_0345,2025-02-10,50.45
INV_830456,CUST_0115,2025-04-10,25.03
INV_449005,CUST_0349,2025-05-19,163.26
INV_435681,CUST_0302,2025-10-21,41.44
INV_505519,CUST_0968,2025-10-19,12.38
INV_139427,CUST_0526,2025-12-02,125.44
INV_177952,CUST_0925,2025-05-07,39.67
INV_934754,CUST_0511,2025-08-20,74.83
INV_794252,CUST_0065,2025-11-17,74.85
INV_780213,CUST_0670,2025-08-12,60.74
INV_363382,CUST_0990,2025-07-01,44.56
INV_760980,CUST_0439,2025-08-05,187.61
INV_911100,CUST_0463,2025-03-15,33.33
INV_997937,,2025-03-06,9.31
INV_105397,CUST_0303,2025-11-18,54.53
INV_422452,CUST_0598,2025-01-26,11.14
INV_748581,CUST_0095,2025-09-01,9.38
INV_756023,CUST_0760,2025-01-14,68.26
INV_917519,CUST_0969,2025-03-16,137.99
INV_969875,CUST_0051,2025-05-23,66.19
INV_514921,CUST_0886,2025-06-16,18.33
INV_275725,CUST_0774,2025-07-04,26.13
INV_878873,CUST_0099,2025-08-29,32.59
INV_571529,CUST_0509,2025-04-27,106.52
INV_220026,CUST_0579,2025-08-06,61.97
INV_780388,CUST_0786,2025-05-27,146.42
INV_183470,CUST_0152,2025-12-13,47.57
INV_395103,CUST_0431,2025-12-20,106.33
INV_879572,CUST_0041,2025-12-18,16.01
INV_784550,CUST_0378,2025-05-16,84.7
INV_648196,CUST_0918,2025-10-29,24.45
INV_900444,CUST_0400,2025-03-20,8.06
INV_911089,CUST_0074,2025-01-05,114.37
INV_902305,CUST_0537,2025-09-21,164.33
INV_625895,CUST_0278,2025-11-24,53.66
INV_350495,CUST_0068,2025-11-16,76.4
INV_891894,CUST_0343,2025-03-23,55.34
INV_554325,CUST_0097,2025-02-21,13.69
INV_559099,CUST_0940,2025-12-19,26.38
INV_763777,CUST_0001,2025-03-04,31.15
INV_373016,CUST_0423,2025-01-19,14.82
INV_331360,CUST_0024,2025-11-21,91.65
INV_192663,CUST_0161,2025-09-12,35.82
INV_305156,CUST_0929,2025-06-09,13.26
INV_717846,CUST_0169,2025-01-12,17.21
INV_899800,CUST_0139,2025-04-07,19.02
INV_731475,CUST_0042,2025-12-20,42.16
INV_987687,CUST_0002,2025-10-15,77.78
INV_325683,CUST_0730,2025-08-10,32.93
INV_386459,CUST_0508,2025-05-07,11.15
INV_874888,CUST_0015,2025-08-14,87.39
INV_508852,CUST_0493,2025-11-15,90.22
INV_277071,CUST_0773,2025-12-07,45.26
INV_783717,CUST_0848,2025-07-09,97.42
INV_965318,CUST_0865,2025-10-04,111.51
INV_353189,CUST_0162,2025-05-01,38.76
INV_741627,CUST_0962,2025-08-04,34.54
INV_186675,CUST_0129,2025-11-17,34.51
INV_291026,CUST_0432,2025-11-24,42.55
INV_869483,CUST_0427,2025-11-01,56.51
INV_251563,CUST_0425,2025-07-18,29.15
INV_639006,CUST_0239,2025-12-26,15.15
INV_782192,CUST_0782,2025-10-17,42.27
INV_108177,CUST_0547,2025-04-29,31.34
INV_735433,CUST_0036,2025-09-09,16.81
INV_712363,,2025-04-17,13.27
INV_607966,CUST_0339,2025-07-23,18.33
INV_503439,CUST_0844,2025-03-23,16.35
INV_567601,CUST_0299,2025-02-03,45.81
INV_503564,CUST_0637,2025-07-08,179.04
INV_452570,CUST_0517,2025-01-24,35.73
INV_533632,CUST_0294,2025-01-10,35.13
INV_667383,CUST_0727,2025-05-06,54.22
INV_303508,CUST_0455,2025-04-24,10.43
INV_339343,CUST_0778,2025-08-05,20.57
INV_915805,CUST_0943,2025-08-20,182.1
INV_753689,CUST_0902,2025-08-17,88.0
INV_459838,CUST_0388,2025-10-06,15.01
INV_312736,CUST_0016,2025-10-24,7.77
INV_397399,CUST_0367,2025-09-25,9.46
INV_710725,CUST_0690,2025-01-20,101.75
INV_908250,CUST_0918,2025-04-18,83.89
INV_417582,CUST_0020,2025-06-13,19.05
INV_503036,CUST_0062,2025-08-30,99.71
INV_793150,CUST_0603,2025-05-13,79.35
INV_313273,CUST_0342,2025-04-28,32.96
INV_362051,CUST_0886,2025-01-01,14.11
INV_113149,CUST_0332,2025-07-31,34.73
INV_212168,CUST_0699,2025-03-02,23.06
INV_758554,CUST_0147,2025-09-03,26.85
INV_864302,CUST_0655,2025-07-01,21.79
INV_201967,CUST_0719,2025-08-19,93.81
INV_921058,CUST_0130,2025-10-19,35.05
INV_807609,CUST_0376,2025-02-24,39.31
INV_947090,CUST_0441,2025-09-10,78.36
INV_981397,CUST_0824,2025-07-31,61.63
INV_349240,CUST_0568,2025-02-24,119.3
INV_605275,CUST_0340,2025-06-02,42.65
INV_616030,CUST_0623,2025-07-23,16.81
INV_622222,,2025-01-16,189.51
INV_905298,CUST_0939,2025-06-15,17.62
INV_832068,CUST_0426,2025-10-07,28.58
INV_392490,CUST_0249,2025-06-30,27.61
INV_165206,CUST_0078,2025-12-02,200.75
INV_774108,CUST_0695,2025-01-04,107.07
INV_581891,CUST_0111,2025-11-30,54.51
INV_266804,CUST_0991,2025-06-21,8.07
INV_357476,CUST_0687,2025-01-30,16.93
INV_843631,CUST_0553,2025-06-22,9.98
INV_182604,CUST_0670,2025-11-29,30.2
INV_547822,CUST_0245,2025-12-26,64.97
INV_915034,CUST_0212,2025-03-25,106.51
INV_552889,CUST_0133,2025-10-15,23.31
INV_896184,CUST_0293,2025-09-26,49.36
INV_519655,CUST_0653,2025-08-11,96.34
INV_904734,CUST_0956,2025-07-20,41.03
INV_542762,CUST_0701,2025-01-26,41.57
INV_391922,CUST_0933,2025-01-11,23.16
INV_976468,CUST_0802,2025-02-07,20.37
INV_872793,CUST_0833,2025-06-05,56.96
INV_557357,CUST_0694,2025-05-23,13.81
INV_619751,CUST_0697,2025-08-29,38.21
INV_798408,CUST_0915,2025-10-15,48.12
INV_397463,CUST_0331,2025-10-28,12.18
INV_798276,CUST_0275,2025-06-03,12.3
INV_793983,CUST_0752,2025-05-17,29.11
INV_723711,CUST_0180,2025-07-01,18.48
INV_800823,CUST_0197,2025-01-14,72.68
INV_710994,CUST_0269,2025-06-20,19.48
INV_392753,CUST_0170,2025-06-08,29.57
INV_325253,CUST_0082,2025-02-26,21.98
INV_289243,CUST_0048,2025-03-21,43.65
INV_345221,CUST_0033,2025-04-25,36.57
INV_626344,CUST_0516,2025-12-22,13.59
INV_152832,CUST_1000,2025-11-03,49.14
INV_688826,CUST_0788,2025-05-22,75.09
INV_445607,CUST_0043,2025-05-11,9.1
INV_249360,CUST_0598,2025-12-11,62.61
INV_202420,CUST_0413,2025-09-03,86.3
INV_290690,CUST_0999,2025-09-22,134.58
INV_611048,CUST_0804,2025-02-05,19.87
INV_764805,CUST_0150,2025-01-01,48.65
INV_320767,CUST_0723,2025-03-13,24.99
INV_267659,CUST_0397,2025-03-25,42.24
INV_811448,CUST_0293,2025-08-10,16.1
INV_449352,CUST_0733,2025-08-04,31.39
INV_448039,CUST_0329,2025-02-11,58.54
INV_753310,CUST_0608,2025-11-13,9.9
INV_416575,CUST_0277,2025-11-16,119.53
INV_476756,CUST_0492,2025-11-09,9.7
INV_875842,CUST_0161,2025-11-04,22.95
INV_651646,CUST_0396,2025-06-28,123.59
INV_593938,CUST_0778,2025-08-27,78.54
INV_309820,CUST_0451,2025-06-16,57.24
INV_648892,CUST_0150,2025-07-08,96.72
INV_229716,CUST_0874,2025-04-30,12.39
INV_634968,CUST_0674,2025-05-08,44.3
INV_158914,CUST_0869,2025-09-11,56.02
INV_554036,CUST_0710,2025-09-05,72.34
INV_638786,CUST_0245,2025-09-07,18.84
INV_126245,CUST_0560,2025-03-12,105.9
INV_699162,CUST_0239,2025-03-09,91.71
INV_963611,CUST_0534,2025-06-04,59.16
INV_139913,CUST_0300,2025-04-25,19.12
INV_456936,CUST_0742,2025-09-09,83.19
INV_592089,,2025-10-28,88.84
INV_528106,CUST_0220,2025-10-02,37.65
INV_587677,CUST_0618,2025-05-16,9.61
INV_700807,CUST_0018,2025-02-12,16.48
INV_255205,CUST_0731,2025-02-28,49.86
INV_491374,CUST_0303,2025-05-22,53.53
INV_740080,CUST_0415,2025-08-09,13.36
INV_793739,CUST_0763,2025-02-20,10.11
INV_974024,CUST_0911,2025-12-12,89.21
INV_473096,CUST_0069,2025-01-04,8.44
INV_846178,CUST_0441,2025-01-31,124.78
INV_578921,CUST_0602,2025-06-27,18.75
INV_321538,CUST_0322,2025-12-10,18.55
INV_285915,CUST_0471,2025-04-15,20.97
INV_444994,CUST_0883,2025-01-15,47.47
INV_162726,CUST_0709,2025-08-23,7.75
INV_869680,CUST_0006,2025-10-16,16.79
INV_290375,CUST_0878,2025-02-11,40.19
INV_551182,CUST_0686,2025-12-01,8.79
INV_151524,CUST_0353,2025-06-29,80.36
INV_204755,CUST_0901,2025-08-16,89.13
INV_644481,CUST_0654,2025-05-02,57.03
INV_949842,CUST_0360,2025-09-14,14.85
INV_125823,CUST_0165,2025-08-09,42.73
INV_987859,CUST_0124,2025-12-10,172.94
INV_242049,CUST_0129,2025-05-15,23.49
INV_109218,CUST_0939,2025-03-12,47.25
INV_377354,CUST_0285,2025-01-22,28.73
INV_535869,CUST_0477,2025-09-03,66.86
INV_451477,CUST_0663,2025-08-01,14.55
INV_137780,CUST_0303,2025-10-03,7.51
INV_624338,CUST_0021,2025-09-14,79.7
INV_768465,CUST_0447,2025-09-27,32.8
INV_273104,CUST_0636,2025-10-17,23.09
INV_219558,CUST_0518,2025-04-27,48.81
INV_606906,CUST_0865,2025-05-09,22.0
INV_894599,CUST_0711,2025-11-10,44.31
INV_855897,CUST_0529,2025-06-22,68.85
INV_966332,CUST_0696,2025-08-03,47.93
INV_568084,CUST_0102,2025-05-03,37.04
INV_871614,CUST_0616,2025-02-14,47.9
INV_430019,CUST_0676,2025-07-08,7.61
INV_843987,CUST_0887,2025-09-18,189.35
INV_613909,CUST_0049,2025-01-06,39.85
INV_870157,CUST_0224,2025-01-23,18.31
INV_709451,CUST_0724,2025-10-27,129.31
INV_138469,CUST_0698,2025-08-02,8.57
INV_824434,CUST_0708,2025-05-31,139.49
INV_331979,CUST_0630,2025-12-31,31.82
INV_624493,CUST_0948,2025-03-08,18.29
INV_138909,CUST_0786,2025-06-04,17.11
INV_860392,CUST_0074,2025-02-18,45.65
INV_837392,CUST_0708,2025-06-28,34.38
INV_134571,CUST_0757,2025-11-05,36.8
INV_669326,CUST_0816,2025-01-30,18.97
INV_167690,CUST_0519,2025-04-02,13.59
INV_127050,CUST_0575,2025-12-24,80.0
INV_988465,CUST_0478,2025-12-13,55.22
INV_402388,CUST_0918,2025-03-02,152.17
INV_462839,CUST_0538,2025-04-25,14.27
INV_177332,CUST_0628,2025-05-16,26.21
INV_407181,CUST_0899,2025-01-31,56.74
INV_735552,CUST_0027,2025-03-14,44.12
INV_495124,CUST_0346,2025-10-27,41.19
INV_645422,CUST_0449,2025-07-31,56.89
INV_276225,CUST_0034,2025-12-02,70.82
INV_504168,CUST_0366,2025-08-05,78.75
INV_999273,CUST_0386,2025-09-30,11.45
INV_996317,CUST_0521,2025-10-14,70.08
INV_400489,CUST_0019,2025-03-22,56.04
INV_278810,CUST_0311,2025-08-18,37.54
INV_985250,CUST_0498,2025-09-01,38.14
INV_500077,CUST_0207,2025-01-21,105.34
INV_517579,CUST_0975,2025-07-21,92.21
INV_666904,CUST_0807,2025-01-25,45.95
INV_789331,CUST_0602,2025-11-16,57.32
INV_843919,CUST_0857,2025-03-17,23.06
INV_385154,CUST_0522,2025-07-20,92.73
INV_905482,CUST_0219,2025-03-01,28.71
INV_275918,CUST_0550,2025-05-14,39.28
INV_219233,CUST_0941,2025-05-13,32.51
INV_113869,CUST_0062,2025-01-23,50.25
INV_767482,CUST_0659,2025-08-04,40.48
INV_645965,CUST_0820,2025-01-24,44.96
INV_536401,CUST_0576,2025-04-29,41.83
INV_680484,CUST_0832,2025-12-08,28.06
INV_966763,CUST_0438,2025-08-08,62.5
INV_668043,,2025-04-12,17.91
INV_552219,CUST_0873,2025-02-20,41.28
INV_408293,CUST_0589,2025-05-03,49.11
INV_678800,CUST_0230,2025-01-21,24.32
INV_599127,CUST_0251,2025-05-15,62.69
INV_317189,CUST_0689,2025-10-25,45.45
INV_279815,CUST_0361,2025-12-01,7.66
INV_301107,CUST_0528,2025-04-06,16.46
INV_421117,CUST_0814,2025-01-02,19.68
INV_468102,CUST_0191,2025-01-03,166.83
INV_910517,CUST_0623,2025-06-26,38.99
INV_561535,CUST_0477,2025-08-08,52.6
INV_937762,CUST_0390,2025-03-06,52.57
INV_530802,CUST_0113,2025-10-13,121.81
INV_238621,CUST_0020,2025-08-03,11.91
INV_320851,CUST_0409,2025-09-28,114.93
INV_530754,CUST_0194,2025-11-09,35.57
INV_199341,CUST_0714,2025-01-14,40.38
INV_308929,CUST_0099,2025-02-02,29.27
INV_509251,CUST_0019,2025-06-01,9.05
INV_944134,CUST_0589,2025-11-10,9.49
INV_207721,CUST_0720,2025-08-30,77.66
INV_632757,CUST_0376,2025-09-07,19.65
INV_401743,CUST_0112,2025-11-27,50.76
INV_995554,CUST_0392,2025-05-23,18.44
INV_197556,CUST_0516,2025-10-13,16.49
INV_104838,CUST_0553,2025-05-01,72.39
INV_667487,CUST_0816,2025-03-27,31.57
INV_818954,CUST_0293,2025-01-31,98.24
INV_768298,CUST_0871,2025-04-20,52.41
INV_704025,,2025-02-13,20.77
INV_112873,CUST_0930,2025-12-09,20.73
INV_513926,CUST_0885,2025-05-09,36.55
INV_599600,CUST_0497,2025-05-17,9.45
INV_266033,CUST_0355,2025-04-22,27.99
INV_420330,CUST_0959,2025-02-02,43.16
INV_206887,CUST_0948,2025-09-22,145.64
INV_396206,CUST_0232,2025-03-17,54.07
INV_745044,,2025-06-19,55.88
INV_381466,CUST_0026,2025-03-02,31.04
INV_899083,CUST_0579,2025-01-26,28.38
INV_325571,CUST_0367,2025-03-01,8.99
INV_870508,CUST_0789,2025-10-31,15.66
INV_413817,,2025-06-01,171.62
INV_977701,CUST_0405,2025-05-26,74.26
INV_925748,CUST_0171,2025-01-28,39.3
INV_303195,CUST_0977,2025-08-29,16.49
INV_658382,CUST_0434,2025-08-16,21.78
INV_166141,CUST_0034,2025-01-02,55.2
INV_602009,CUST_0840,2025-11-04,27.33
INV_968750,CUST_0147,2025-12-12,37.27
INV_475181,CUST_0334,2025-06-25,85.57
INV_715221,CUST_0131,2025-02-19,163.62
INV_260787,CUST_0902,2025-08-08,20.63
INV_117580,CUST_0205,2025-04-01,12.56
INV_893516,,2025-11-08,70.83
INV_476684,CUST_0168,2025-01-24,9.91
INV_570452,CUST_0580,2025-07-13,85.73
INV_898377,CUST_0207,2025-02-18,63.61
INV_315238,CUST_0129,2025-04-12,115.38
INV_833709,CUST_0813,2025-03-18,8.97
INV_220384,CUST_0349,2025-05-11,11.63
INV_521064,CUST_0432,2025-05-18,40.72
INV_271926,CUST_0142,2025-04-10,55.36
INV_889417,CUST_0611,2025-11-07,55.37
INV_526542,CUST_0355,2025-03-07,116.58
INV_476526,CUST_0849,2025-08-19,15.93
INV_469302,CUST_0146,2025-06-01,62.18
INV_889575,CUST_0021,2025-09-11,28.77
INV_391040,CUST_0990,2025-06-11,31.39
INV_664204,CUST_0758,2025-03-09,132.5
INV_811782,CUST_0915,2025-04-17,10.6
INV_427535,CUST_0141,2025-03-06,26.25
INV_864797,CUST_0510,2025-06-04,12.86
INV_227574,CUST_0482,2025-09-07,49.96
INV_348290,,2025-08-29,123.8
INV_372094,CUST_0836,2025-06-21,7.58
INV_464777,CUST_0294,2025-11-06,10.4
INV_978606,CUST_0390,2025-09-05,21.3
INV_632327,CUST_0324,2025-04-22,23.49
INV_936852,CUST_0007,2025-02-20,12.19
INV_116057,CUST_0448,2025-12-31,42.15
INV_690301,CUST_0287,2025-04-02,47.44
INV_198812,CUST_0631,2025-07-22,88.15
INV_475735,CUST_0152,2025-02-26,18.64
INV_879340,CUST_0822,2025-05-13,51.85
INV_976861,CUST_0837,2025-02-13,16.81
INV_672569,CUST_0534,2025-03-14,12.83
INV_300277,CUST_0237,2025-01-05,92.61
INV_782637,CUST_0177,2025-09-16,30.06
INV_714181,CUST_0431,2025-08-23,23.92
INV_977632,CUST_0448,2025-06-21,85.05
INV_532353,CUST_0793,2025-09-29,255.87
INV_926064,CUST_0465,2025-05-11,68.57
INV_165214,CUST_0951,2025-04-23,12.22
INV_995846,CUST_0769,2025-11-23,39.11
INV_951306,CUST_0275,2025-02-21,18.67
INV_508153,CUST_0567,2025-01-14,94.5
INV_984015,CUST_0539,2025-03-30,91.23
INV_669505,CUST_0268,2025-05-18,8.97
INV_227873,CUST_0692,2025-10-24,56.72
INV_809641,CUST_0783,2025-09-29,32.55
INV_278331,CUST_0138,2025-08-30,109.88
INV_373591,CUST_0408,2025-10-02,22.13
INV_982326,CUST_0195,2025-02-11,12.72
INV_850377,CUST_0596,2025-05-14,49.09
INV_231241,CUST_0962,2025-01-30,8.62
INV_963376,CUST_0290,2025-06-17,54.31
INV_614782,CUST_0413,2025-08-16,173.68
INV_483021,CUST_0689,2025-07-08,12.26
INV_367524,CUST_0894,2025-01-17,30.38
INV_526095,CUST_0123,2025-08-19,25.93
INV_442406,CUST_0784,2025-03-22,21.82
INV_250250,CUST_0392,2025-11-24,219.9
INV_621291,CUST_0367,2025-03-23,18.19
INV_928343,CUST_0527,2025-08-08,9.66
INV_226866,CUST_0479,2025-09-22,69.31
INV_661182,CUST_0307,2025-07-19,16.66
INV_141770,CUST_0614,2025-09-16,59.45
INV_140285,CUST_0797,2025-09-23,151.0
INV_906702,,2025-08-04,164.36
INV_869814,CUST_0088,2025-03-04,63.55
INV_572699,CUST_0459,2025-03-15,48.87
INV_506516,CUST_0269,2025-10-12,16.13
INV_644403,CUST_0973,2025-05-01,51.17
INV_768975,CUST_0078,2025-12-31,148.98
INV_866656,CUST_0397,2025-10-07,44.94
INV_443810,CUST_0982,2025-08-30,137.97
INV_110728,CUST_0384,2025-08-06,10.4
INV_289007,CUST_0381,2025-11-07,65.96
INV_396247,CUST_0042,2025-01-21,45.49
INV_113423,CUST_0294,2025-03-27,103.88
INV_162979,CUST_0175,2025-11-06,52.7
INV_219779,CUST_0734,2025-08-09,128.41
INV_732020,CUST_0213,2025-09-10,58.61
INV_496605,CUST_0624,2025-03-26,53.02
INV_699176,CUST_0346,2025-04-30,33.07
INV_267599,CUST_0247,2025-02-14,66.77
INV_590492,CUST_0554,2025-10-24,57.91
INV_742469,CUST_0954,2025-08-16,25.46
INV_156625,CUST_0067,2025-09-08,23.29
INV_374732,CUST_0872,2025-12-08,35.17
INV_386400,CUST_0199,2025-05-27,39.59
INV_813839,CUST_0477,2025-05-02,133.28
INV_576356,CUST_0861,2025-10-24,29.95
INV_406984,CUST_0098,2025-11-25,9.54
INV_334855,CUST_0777,2025-01-08,194.08
INV_421375,CUST_0195,2025-09-26,42.44
INV_383805,CUST_0049,2025-12-22,38.85
INV_952275,CUST_0066,2025-12-13,98.56
INV_750643,CUST_0337,2025-06-08,13.85
INV_312810,CUST_0773,2025-05-15,77.95
INV_501252,CUST_0096,2025-04-24,20.89
INV_873331,CUST_0429,2025-01-28,100.42
INV_963996,CUST_0580,2025-05-08,51.18
INV_381775,CUST_0368,2025-08-18,7.62
INV_989192,CUST_0429,2025-08-09,42.17
INV_211118,,2025-06-26,35.05
INV_855036,CUST_0913,2025-10-06,165.18
INV_405169,CUST_0923,2025-11-01,11.44
INV_891290,CUST_0064,2025-12-28,11.23
INV_867283,CUST_0940,2025-01-17,24.11
INV_552385,CUST_0444,2025-11-16,16.09
INV_424768,CUST_0351,2025-03-28,30.83
INV_682473,CUST_0140,2025-03-17,16.24
INV_840233,CUST_0401,2025-02-19,28.36
INV_550587,CUST_0012,2025-12-01,22.26
INV_927641,CUST_0388,2025-10-19,36.11
INV_373445,CUST_0505,2025-04-08,54.62
INV_412601,CUST_0300,2025-06-28,90.07
INV_902560,CUST_0750,2025-06-13,9.2
INV_225172,CUST_0309,2025-09-19,10.84
INV_255304,CUST_0251,2025-05-03,62.01
INV_372196,CUST_0947,2025-06-24,22.6
INV_659834,CUST_0066,2025-11-11,60.2
INV_726905,CUST_0498,2025-09-23,26.64
INV_189831,CUST_0527,2025-10-29,25.43
INV_842868,CUST_0601,2025-03-18,22.03
INV_478970,CUST_0918,2025-04-20,152.27
INV_176497,CUST_0936,2025-07-09,33.24
INV_310117,CUST_0298,2025-05-13,117.33
INV_762374,CUST_0958,2025-02-01,71.47
INV_687497,CUST_0341,2025-05-26,46.14
INV_238235,CUST_0410,2025-02-13,76.57
INV_792241,CUST_0423,2025-06-09,50.89
INV_704831,CUST_0103,2025-03-11,8.37
INV_514599,CUST_0232,2025-05-28,23.04
INV_144898,CUST_0755,2025-02-04,16.57
INV_285751,CUST_0239,2025-11-30,24.98
INV_466296,CUST_0017,2025-08-14,34.05
INV_339434,CUST_0674,2025-04-02,41.2
INV_354743,CUST_0205,2025-06-02,25.78
INV_693571,CUST_0065,2025-04-27,11.84
INV_494823,CUST_0082,2025-01-06,17.1
INV_783333,CUST_0607,2025-10-31,189.72
INV_325963,CUST_0590,2025-03-08,75.83
INV_378930,CUST_0478,2025-09-12,22.25
INV_693990,CUST_0758,2025-07-11,33.4
INV_558024,CUST_0878,2025-08-17,56.25
INV_750840,CUST_0245,2025-01-07,63.55
INV_829063,CUST_0177,2025-07-23,76.61
INV_257879,,2025-05-08,62.1
INV_409571,CUST_0247,2025-12-27,15.57
INV_478945,CUST_0160,2025-07-13,43.86
INV_679701,CUST_0930,2025-09-11,79.11
INV_718531,CUST_0423,2025-02-13,17.47
INV_417332,,2025-04-01,69.45
INV_804410,CUST_0919,2025-08-10,39.49
INV_826043,CUST_0098,2025-01-19,160.0
INV_983250,CUST_0576,2025-11-20,31.35
INV_273804,CUST_0458,2025-04-12,135.96
INV_226691,CUST_0457,2025-04-10,13.37
INV_893917,CUST_0403,2025-03-05,43.21
INV_621819,CUST_0653,2025-01-25,30.81
INV_233021,,2025-02-11,193.98
INV_711438,CUST_0389,2025-03-22,28.64
INV_239769,CUST_0277,2025-08-02,21.21
INV_886369,CUST_0121,2025-05-14,100.65
INV_735833,CUST_0371,2025-09-14,56.27
INV_986358,CUST_0875,2025-06-29,46.81
INV_854561,CUST_0897,2025-01-19,111.07
INV_141041,CUST_0056,2025-08-17,42.27
INV_810938,CUST_0737,2025-03-20,109.71
INV_437563,CUST_0311,2025-06-09,48.54
INV_608365,CUST_0156,2025-07-21,10.47
INV_591338,CUST_0854,2025-04-27,44.05
INV_486822,CUST_0631,2025-07-18,145.96
INV_783755,CUST_0184,2025-05-28,133.97
INV_850362,CUST_0826,2025-09-29,8.86
INV_307547,CUST_0563,2025-03-16,55.2
INV_334625,CUST_0635,2025-11-28,24.5
INV_875575,CUST_0764,2025-12-24,57.68
INV_572913,,2025-04-20,17.78
INV_454593,CUST_0078,2025-01-02,8.47
INV_230522,CUST_0297,2025-06-18,15.33
INV_659421,CUST_0023,2025-10-21,19.56
INV_836448,CUST_0908,2025-10-13,10.2
INV_327810,CUST_0681,2025-04-28,59.26
INV_165074,CUST_0132,2025-04-03,9.91
INV_573479,CUST_0861,2025-10-21,45.49
INV_631134,CUST_0249,2025-04-12,37.94
INV_655284,CUST_0417,2025-05-23,104.86
INV_793431,CUST_0387,2025-10-18,32.25
INV_157300,CUST_0045,2025-08-31,25.26
INV_166535,CUST_0268,2025-09-10,69.3
INV_580693,CUST_0689,2025-01-21,8.31
INV_274953,CUST_0423,2025-08-21,14.33
INV_424422,CUST_0960,2025-04-10,48.98
INV_768439,CUST_0647,2025-11-14,38.44
INV_604455,CUST_0040,2025-08-28,100.1
INV_197812,CUST_0182,2025-09-22,13.27
INV_604254,CUST_0863,2025-07-15,92.25
INV_324388,,2025-07-21,21.34
INV_978661,CUST_0139,2025-06-06,12.46
INV_716225,CUST_0816,2025-01-15,44.19
INV_765323,CUST_0060,2025-09-09,27.25
INV_770797,CUST_0336,2025-01-19,40.5
INV_948329,CUST_0472,2025-01-28,14.51
INV_555639,CUST_0945,2025-12-31,47.77
INV_514521,CUST_0868,2025-01-29,65.33
INV_526986,CUST_0816,2025-10-06,10.79
INV_224109,CUST_0519,2025-11-01,16.44
INV_211513,CUST_0234,2025-07-06,42.3
INV_799444,CUST_0407,2025-11-25,109.36
INV_709026,CUST_0398,2025-07-18,8.68
INV_649721,CUST_0846,2025-06-21,50.51
INV_148648,CUST_0186,2025-06-05,106.31
INV_989936,CUST_0627,2025-06-03,37.08
INV_433777,CUST_0384,2025-10-17,91.01
INV_132121,CUST_0269,2025-05-13,22.59
INV_902926,CUST_0376,2025-03-29,193.15
INV_268704,CUST_0584,2025-06-03,96.99
INV_581517,,2025-04-23,72.29
INV_470334,CUST_0334,2025-04-16,36.29
INV_101316,CUST_0710,2025-06-26,26.24
INV_868475,CUST_0335,2025-05-23,138.85
INV_752583,CUST_0225,2025-02-12,46.68
INV_487926,CUST_0575,2025-05-10,44.43
INV_829245,CUST_0214,2025-03-14,38.18
INV_853523,CUST_0272,2025-11-11,14.88
INV_364250,CUST_0670,2025-04-19,24.3
INV_922138,CUST_0358,2025-07-11,44.13
INV_789503,CUST_0436,2025-05-26,110.68
INV_151500,CUST_0570,2025-06-26,69.54
INV_324045,CUST_0438,2025-12-22,139.88
INV_941341,CUST_0480,2025-06-14,81.68
INV_174300,CUST_0302,2025-05-01,26.21
INV_666253,CUST_0814,2025-06-28,20.46
INV_284522,CUST_0170,2025-10-28,32.37
INV_397386,CUST_0047,2025-06-07,14.75
INV_460868,CUST_0930,2025-10-06,11.29
INV_117833,CUST_0269,2025-07-18,11.99
INV_845868,CUST_0166,2025-06-29,34.36
INV_824945,CUST_0216,2025-10-11,18.27
INV_647057,CUST_0098,2025-08-18,19.53
INV_239648,CUST_0554,2025-04-05,146.89
INV_486720,CUST_0819,2025-06-16,84.48
INV_892208,CUST_0087,2025-11-05,10.09
INV_230078,CUST_0345,2025-09-05,22.42
INV_962155,CUST_0709,2025-08-20,47.89
INV_878985,CUST_0135,2025-01-13,41.59
INV_138250,CUST_0259,2025-05-20,19.87
INV_811199,CUST_0818,2025-07-24,30.9
INV_782466,CUST_0212,2025-09-30,61.25
INV_723761,CUST_0998,2025-08-22,20.79
INV_698998,CUST_0562,2025-04-13,18.83
INV_407977,CUST_0089,2025-12-07,60.7
INV_258264,CUST_0223,2025-08-24,132.68
INV_268561,,2025-04-22,50.25
INV_653761,CUST_0252,2025-05-22,178.58
INV_455125,CUST_0995,2025-12-23,8.03
INV_129433,CUST_0255,2025-09-25,79.52
INV_814095,CUST_0799,2025-11-30,23.68
INV_528487,CUST_0555,2025-06-15,13.42
INV_457970,CUST_0688,2025-03-08,35.61
INV_538133,CUST_0862,2025-04-15,47.52
INV_835922,CUST_0186,2025-10-11,13.37
INV_974403,CUST_0237,2025-01-18,13.32
INV_911668,CUST_0009,2025-01-29,136.39
INV_418581,CUST_0576,2025-07-06,10.97
INV_793920,CUST_0412,2025-12-22,30.39
INV_697040,CUST_0727,2025-06-18,230.17
INV_259002,CUST_0449,2025-10-25,13.03
INV_981979,CUST_0473,2025-03-29,67.69
INV_232639,CUST_0460,2025-08-15,184.43
INV_965476,CUST_0775,2025-07-30,65.97
INV_682840,CUST_0058,2025-04-22,41.59
INV_363498,CUST_0879,2025-11-23,77.89
INV_473242,CUST_0330,2025-05-01,12.05
INV_835399,CUST_0553,2025-12-19,18.14
INV_373370,CUST_0995,2025-02-03,40.93
INV_694935,CUST_0787,2025-07-16,23.37
INV_294444,CUST_0010,2025-04-30,20.68
INV_501210,CUST_0221,2025-09-18,8.15
INV_456455,CUST_0460,2025-05-08,35.23
INV_668357,CUST_0143,2025-07-24,53.87
INV_880288,CUST_0363,2025-04-19,10.6
INV_551797,CUST_0011,2025-11-10,21.29
INV_288059,CUST_0995,2025-08-31,35.75
INV_246101,CUST_0415,2025-01-08,20.66
INV_253033,CUST_0112,2025-09-30,8.11
INV_232316,CUST_0212,2025-03-19,33.6
INV_701507,CUST_0369,2025-12-13,65.47
INV_354166,CUST_0354,2025-07-27,61.16
INV_727601,CUST_0907,2025-04-22,21.85
INV_910692,CUST_0559,2025-08-09,83.1
INV_272263,CUST_0216,2025-08-09,40.13
INV_804914,CUST_0835,2025-09-15,40.19
INV_544605,CUST_0424,2025-09-15,19.31
INV_823571,CUST_0603,2025-06-22,46.56
INV_562757,CUST_0561,2025-08-15,40.97
INV_376532,CUST_0388,2025-05-06,28.95
INV_974634,CUST_0624,2025-06-08,16.05
INV_532636,CUST_0418,2025-04-23,69.16
INV_503051,CUST_0650,2025-10-31,67.26
INV_852249,CUST_0284,2025-06-08,47.78
INV_757729,CUST_0727,2025-09-29,18.14
INV_592402,CUST_0806,2025-06-18,50.6
INV_267011,CUST_0040,2025-08-23,51.01
INV_696196,CUST_0144,2025-03-23,75.84
INV_892332,CUST_0603,2025-12-20,11.92
INV_946476,CUST_0798,2025-07-16,68.61
INV_839270,CUST_0800,2025-03-12,32.59
INV_415034,,2025-03-21,280.79
INV_391548,CUST_0572,2025-02-02,77.11
INV_377972,CUST_0712,2025-05-06,11.24
INV_737559,CUST_0297,2025-03-26,27.79
INV_647929,CUST_0279,2025-02-02,76.35
INV_606313,CUST_0616,2025-01-12,34.08
INV_666980,CUST_0708,2025-11-03,59.57
INV_207966,CUST_0581,2025-08-08,110.72
INV_952889,CUST_0964,2025-05-26,77.67
INV_785628,CUST_0234,2025-08-02,49.69
INV_888297,CUST_0363,2025-03-19,17.55
INV_228863,CUST_0216,2025-08-01,20.96
INV_998182,CUST_0543,2025-10-17,60.34
INV_358432,CUST_0083,2025-02-16,13.9
INV_129605,CUST_0381,2025-03-18,11.13
INV_193375,CUST_0947,2025-04-10,10.89
INV_765609,,2025-08-30,38.51
INV_663961,CUST_0264,2025-09-25,116.09
